id,title,authors,subjects,bookshelves,summary,download_count,reading_ease_score,issued,cover_image,text_url,source_url,removed_from_catalog
1,The Declaration of Independence of the United States of America,"Jefferson, Thomas","United States. Declaration of Independence; United States -- History -- Revolution, 1775-1783 -- Sources","American Revolutionary War; Category: Essays, Letters & Speeches; Category: History - American; Category: History - Modern (1750+); Category: Philosophy & Ethics; Category: Politics; Politics; United States Law","""The Declaration of Independence of the United States of America"" by Thomas Jefferson is a founding document adopted in 1776. Written primarily by Jefferson between June 11 and June 28, it formally explains why the Thirteen Colonies declared independence from British rule. The document lists 27 grievances against King George III and asserts natural rights including life, liberty, and the pursuit of happiness. Its ratification on July 4, 1776, marked an act of treason against the Crown, transforming colonial delegates into America's Founding Fathers. (This is an automatically generated summary.)",3854,52.10,1971-12-01T00:00:00.000Z,https://www.gutenberg.org/cache/epub/1/pg1.cover.medium.jpg,https://www.gutenberg.org/files/1/1.txt,https://www.gutenberg.org/ebooks/1,
2,The United States Bill of Rights: The Ten Original Amendments to the Constitution of the United States,United States,Civil rights -- United States -- Sources; United States. Constitution. 1st-10th Amendments,American Revolutionary War; Category: History - American; Category: Law & Criminology; Politics; United States Law,"""The United States Bill of Rights"" by United States comprises the first ten amendments to the Constitution, proposed in 1789 and ratified in 1791. Born from fierce debate over constitutional ratification, these amendments address Anti-Federalist objections by guaranteeing personal freedoms including speech, religion, and assembly. Championed by James Madison, who initially opposed such enumeration, the Bill of Rights explicitly limits federal power while reserving unenumerated rights to states and citizens—establishing foundational protections that would later extend beyond federal governance. (This is an automatically generated summary.)",1906,39.80,1972-12-01T00:00:00.000Z,https://www.gutenberg.org/cache/epub/2/pg2.cover.medium.jpg,https://www.gutenberg.org/files/2/2.txt,https://www.gutenberg.org/ebooks/2,
3,John F. Kennedy's Inaugural Address,"Kennedy, John F. (John Fitzgerald)",Presidents -- United States -- Inaugural addresses; United States -- Foreign relations -- 1961-1963,"Category: Essays, Letters & Speeches; Category: History - American; Category: Politics","""John F. Kennedy's Inaugural Address"" by John F. Kennedy is a historical speech that was delivered during the early 1960s, a significant time during the Cold War. This address marks the transition of power within the U.S. government and encapsulates themes of freedom, responsibility, and unity in the face of global challenges. The likely topic of the book revolves around the ideals of democracy and international cooperation, as well as a call to action for both citizens and nations.  In this powerful address, Kennedy emphasizes the importance of freedom, urging citizens to recognize their role in fostering and protecting liberty. He speaks to the challenges faced by humanity—tyranny, poverty, disease, and war—and calls for a collaborative effort among nations towards a better future. He offers a solemn pledge of support to allies and a commitment to assist oppressed peoples, emphasizing that true progress can be achieved through mutual cooperation and sacrifice. The address culminates in the famous call to action, asking individuals not what their country can do for them, but what they can do for their country, creating a shared sense of purpose among all citizens of the world. (This is an automatically generated summary.)",1523,74.40,1973-11-01T00:00:00.000Z,https://www.gutenberg.org/cache/epub/3/pg3.cover.medium.jpg,https://www.gutenberg.org/files/3/3.txt,https://www.gutenberg.org/ebooks/3,
4,"Lincoln's Gettysburg Address: Given November 19, 1863 on the battlefield near Gettysburg, Pennsylvania, USA","Lincoln, Abraham","Consecration of cemeteries -- Pennsylvania -- Gettysburg; Lincoln, Abraham, 1809-1865. Gettysburg address; Soldiers' National Cemetery (Gettysburg, Pa.)","Category: Essays, Letters & Speeches; Category: History - American; Category: History - Modern (1750+); US Civil War","""Lincoln's Gettysburg Address"" by Abraham Lincoln is a speech delivered on November 19, 1863, at the dedication of Soldiers' National Cemetery in Gettysburg, Pennsylvania. Following the Civil War's deadliest battle, Lincoln spoke for less than two minutes before 15,000 people, delivering only 271 words. He invoked the Declaration of Independence and honored those who died defending the nation's founding principles, closing with his famous vision of ""government of the people, by the people, for the people."" (This is an automatically generated summary.)",1331,73.60,1973-11-01T00:00:00.000Z,https://www.gutenberg.org/cache/epub/4/pg4.cover.medium.jpg,https://www.gutenberg.org/files/4/4.txt,https://www.gutenberg.org/ebooks/4,
5,The United States Constitution,United States,United States. Constitution; United States -- Politics and government -- 1783-1789 -- Sources,American Revolutionary War; Category: History - American; Category: Law & Criminology; Category: Politics; Politics; United States; United States Law,"""The United States Constitution"" by United States is a foundational document drafted in 1787 and operational since 1789. Born from the failures of the Articles of Confederation, it establishes the supreme law of America through seven original articles defining federal government structure. Influenced by Enlightenment philosophy and English common law, it separates power among legislative, executive, and judicial branches. Twenty-seven amendments have since expanded individual rights and modified governmental processes, making it the world's oldest written national constitution still in force. (This is an automatically generated summary.)",2590,35.00,1975-12-01T00:00:00.000Z,https://www.gutenberg.org/cache/epub/5/pg5.cover.medium.jpg,https://www.gutenberg.org/files/5/5.txt,https://www.gutenberg.org/ebooks/5,
6,Give Me Liberty or Give Me Death,"Henry, Patrick","Speeches, addresses, etc., American; United States -- Politics and government -- 1775-1783 -- Sources; Virginia -- Politics and government -- 1775-1783 -- Sources","American Revolutionary War; Category: Essays, Letters & Speeches; Category: History - American","""Give Me Liberty or Give Me Death"" by Patrick Henry is a historic speech delivered in 1775, which serves as an impassioned call to arms during the American Revolution. The text falls within the genre of oratory, representing the fervent political discourse of the time. This pivotal moment reflects the prelude to conflict between the American colonies and British rule, highlighting the serious issues surrounding freedom and tyranny.  In his speech, Henry passionately argues for the necessity of fighting against British oppression, cautioning his fellow countrymen against the false hope of reconciliation. He emphasizes the futility of peaceful negotiations and presents the situation as a stark choice between liberty and slavery. By invoking powerful imagery and appeals to human experience, he urges his audience to recognize the immediacy of the threat and the need for an armed response. The concluding declaration—""Give me liberty or give me death!""—serves as a rallying cry for those seeking independence, encapsulating the determination and urgency of the revolutionary spirit. (This is an automatically generated summary.)",1213,80.20,1976-12-01T00:00:00.000Z,https://www.gutenberg.org/cache/epub/6/pg6.cover.medium.jpg,https://www.gutenberg.org/files/6/6.txt,https://www.gutenberg.org/ebooks/6,
7,The Mayflower Compact,,"Massachusetts -- History -- New Plymouth, 1620-1691 -- Sources; Mayflower Compact (1620); Pilgrims (New Plymouth Colony)",Category: History - American; Category: History - Early Modern (c. 1450-1750); Category: History - Religious,"""The Mayflower Compact"" is a governing document written in 1620 by men aboard the Mayflower. Forced off course to Cape Cod instead of Virginia, the passengers faced potential mutiny from those claiming freedom from agreed-upon authority. To maintain order, forty-one men signed this covenant, creating a civil government based on majority rule while pledging loyalty to the English Crown. It became Plymouth Colony's founding document and an early example of self-governance in America. (This is an automatically generated summary.)",1119,67.90,1977-12-01T00:00:00.000Z,https://www.gutenberg.org/cache/epub/7/pg7.cover.medium.jpg,https://www.gutenberg.org/files/7/7.txt,https://www.gutenberg.org/ebooks/7,
8,Abraham Lincoln's Second Inaugural Address,"Lincoln, Abraham",Presidents -- United States -- Inaugural addresses; United States -- Politics and government -- 1861-1865,"Category: Essays, Letters & Speeches; Category: History - American; Category: History - Modern (1750+); Category: Politics; US Civil War","""Abraham Lincoln's Second Inaugural Address"" by Abraham Lincoln is a speech delivered on March 4, 1865, as the Civil War neared its end. Rather than celebrating impending victory, Lincoln spoke with somber reflection on the war's meaning and divine purpose. He identified slavery as the war's cause and suggested the conflict might be God's punishment for the nation's sins. The address contemplates unknowable divine will and calls for reconciliation, urging Americans to ""bind up the nation's wounds"" without harsh treatment of the defeated South. (This is an automatically generated summary.)",1209,62.70,1978-12-01T00:00:00.000Z,https://www.gutenberg.org/cache/epub/8/pg8.cover.medium.jpg,https://www.gutenberg.org/files/8/8.txt,https://www.gutenberg.org/ebooks/8,
9,Abraham Lincoln's First Inaugural Address,"Lincoln, Abraham",Presidents -- United States -- Inaugural addresses; United States -- Politics and government -- 1861-1865,"Category: Essays, Letters & Speeches; Category: History - American; Category: Politics; US Civil War","""Abraham Lincoln's First Inaugural Address"" by Abraham Lincoln is a historical document delivered as a speech on March 4, 1861. This address takes place during a tumultuous period in American history, specifically the lead-up to the Civil War. In this speech, Lincoln aims to reassure a divided nation, emphasizing the importance of the Union and the continuity of the Constitution while addressing the contentious issues surrounding slavery.  In his address, Lincoln acknowledges the fears of Southern states regarding the protection of their rights and property, particularly concerning slavery. He firmly asserts that he has no intention to interfere with the institution of slavery where it already exists and advocates for the peaceful resolution of conflicts. Lincoln discusses the nature of the Union, arguing that it is perpetual and cannot be dissolved by individual states. By appealing to unity, he calls for patience and a commitment to dialogue while reminding listeners that civil war would only arise from aggression. The address ends on a hopeful note, urging Americans to recognize their shared bonds and to seek reconciliation rather than division, famously invoking ""the better angels of our nature."" (This is an automatically generated summary.)",1033,52.80,1979-12-01T00:00:00.000Z,https://www.gutenberg.org/cache/epub/9/pg9.cover.medium.jpg,https://www.gutenberg.org/files/9/9.txt,https://www.gutenberg.org/ebooks/9,
10,The King James Version of the Bible,,Bible,Banned Books List from the American Library Association; Category: Classics of Literature; Category: Religion/Spirituality,"""The King James Version of the Bible"" is an English translation of the Christian Bible commissioned in 1604 and published in 1611 under King James VI and I. This translation for the Church of England contains 80 books and was created to address controversies surrounding existing versions. Celebrated for its majestic style, it has profoundly shaped English literature, Christian thought, and everyday speech for over four centuries. The translation became the unchallenged standard in English Protestant churches and remains one of the most widely read versions today. (This is an automatically generated summary.)",16681,77.20,1989-08-01T00:00:00.000Z,https://www.gutenberg.org/cache/epub/10/pg10.cover.medium.jpg,https://www.gutenberg.org/files/10/10.txt,https://www.gutenberg.org/ebooks/10,
11,Alice's Adventures in Wonderland,"Carroll, Lewis",Alice (Fictitious character from Carroll) -- Juvenile fiction; Children's stories; Fantasy fiction; Imaginary places -- Juvenile fiction,Category: British Literature; Category: Children & Young Adult Reading; Category: Classics of Literature; Category: Novels; Children's Literature,"""Alice's Adventures in Wonderland"" by Lewis Carroll is a children's novel published in 1865. When a curious girl named Alice spots a White Rabbit with a pocket watch, she tumbles down a rabbit hole into an extraordinary fantasy world filled with peculiar anthropomorphic creatures. This pioneering work of literary nonsense plays with logic and language, creating a whimsical tale that delights both children and adults. Illustrated by John Tenniel, it helped transform children's literature from didactic instruction to pure entertainment. (This is an automatically generated summary.)",82955,87.50,2008-06-27T00:00:00.000Z,https://www.gutenberg.org/cache/epub/11/pg11.cover.medium.jpg,https://www.gutenberg.org/files/11/11.txt,https://www.gutenberg.org/ebooks/11,
12,Through the Looking-Glass,"Carroll, Lewis",Alice (Fictitious character from Carroll) -- Juvenile fiction; Children's stories; Fantasy fiction; Imaginary places -- Juvenile fiction,Best Books Ever Listings; Category: British Literature; Category: Children & Young Adult Reading; Category: Novels; Children's Literature,"""Through the Looking-Glass"" by Lewis Carroll is a novel published in 1871. When Alice climbs through a mirror into a fantastical world, she discovers everything is reversed—including logic itself. In this chess-themed realm, running keeps you stationary, walking away brings you closer, and nursery-rhyme characters come alive. Alice encounters peculiar beings including the severe Red Queen, quarrelsome twins Tweedledum and Tweedledee, and the opinionated Humpty Dumpty. Like its beloved predecessor, this sequel blends absurdist adventure with unforgettable imagery and phrases that remain part of our language today. (This is an automatically generated summary.)",13717,90.20,2008-06-25T00:00:00.000Z,https://www.gutenberg.org/cache/epub/12/pg12.cover.medium.jpg,https://www.gutenberg.org/files/12/12.txt,https://www.gutenberg.org/ebooks/12,
13,The Hunting of the Snark: An Agony in Eight Fits,"Carroll, Lewis","Nonsense verses, English",Category: British Literature; Category: Classics of Literature; Category: Humour; Category: Poetry; Children's Literature,"""The Hunting of the Snark: An Agony in Eight Fits"" by Lewis Carroll is a nonsense poem written between 1874 and 1876. A crew of ten peculiar characters embarks on an absurd quest to hunt the mysterious Snark, guided only by a blank map. Their journey becomes increasingly strange as they encounter fantastical creatures and face a terrifying possibility: the Snark might actually be a deadly Boojum. When one crew member finally discovers their quarry, he vanishes without a trace, confirming their darkest fears. (This is an automatically generated summary.)",2432,74.00,2008-06-25T00:00:00.000Z,https://www.gutenberg.org/cache/epub/13/pg13.cover.medium.jpg,https://www.gutenberg.org/files/13/13.txt,https://www.gutenberg.org/ebooks/13,
14,The 1990 CIA World Factbook,United States. Central Intelligence Agency,"Geography -- Handbooks, manuals, etc.; Political science -- Handbooks, manuals, etc.; Political statistics -- Handbooks, manuals, etc.; World politics -- Handbooks, manuals, etc.",Category: Economics; Category: Encyclopedias/Dictionaries/Reference; Category: Politics; CIA World Factbooks,"""The 1990 CIA World Factbook"" by the United States Central Intelligence Agency is an information-rich reference book produced for governmental use, published in the late 20th century. It provides detailed statistics and descriptions of countries and territories, including geographical data, demographic information, economic indicators, and political structures, organized for all 249 recognized entities during that period.  The beginning of the publication outlines the structure and purpose of the factbook, specifically catering to the needs of U.S. government officials. The introductory sections explain the format and content adjustments made since previous editions, laying a foundation for understanding each included nation's unique features. For instance, the facts provided for countries like Afghanistan, Albania, and Algeria introduce vital statistics about their geography, populations, economies, and government types, highlighting historical contexts such as Afghanistan's civil war and Algeria's reliance on oil exports. This serves as a fundamental resource for policy-making and research related to international relations and comparative studies in the political and economic landscape. (This is an automatically generated summary.)",2557,28.20,1991-04-01T00:00:00.000Z,https://www.gutenberg.org/cache/epub/14/pg14.cover.medium.jpg,https://www.gutenberg.org/files/14/14.txt,https://www.gutenberg.org/ebooks/14,
15,"Moby-Dick; or, The Whale","Melville, Herman","Adventure stories; Ahab, Captain (Fictitious character) -- Fiction; Mentally ill -- Fiction; Psychological fiction; Sea stories; Ship captains -- Fiction; Whales -- Fiction; Whaling -- Fiction; Whaling ships -- Fiction",Adventure; Best Books Ever Listings; Category: Adventure; Category: American Literature; Category: Classics of Literature; Category: Novels,"""Moby-Dick; or, The Whale"" by Herman Melville is an epic novel published in 1851. Sailor Ishmael narrates the obsessive quest of Captain Ahab, who commands the whaling ship Pequod in pursuit of Moby Dick, the white whale that destroyed his leg. Driven by vengeance, Ahab leads his diverse crew across the world's oceans, hunting the legendary creature. This tale of obsession explores themes of good and evil, fate, and humanity's struggle against nature's overwhelming power. (This is an automatically generated summary.)",2869,73.40,1991-05-01T00:00:00.000Z,https://www.gutenberg.org/cache/epub/15/pg15.cover.medium.jpg,https://www.gutenberg.org/files/15/15.txt,https://www.gutenberg.org/ebooks/15,
16,Peter Pan : $b [Peter and Wendy],"Barrie, J. M. (James Matthew)",Fairies -- Fiction; Fantasy literature; Never-Never Land (Imaginary place) -- Fiction; Peter Pan (Fictitious character) -- Fiction; Pirates -- Fiction,Category: Adventure; Category: British Literature; Category: Children & Young Adult Reading; Category: Classics of Literature; Category: Novels; Children's Literature; Movie Books,"""Peter Pan: [Peter and Wendy]"" by J. M. Barrie is a work that began as a play in 1904 and became a novel in 1911. It tells the story of Peter Pan, a mischievous boy who can fly and never grows up. He whisks Wendy Darling and her brothers away to Neverland, a magical island inhabited by mermaids, fairies, and pirates. There, they encounter the Lost Boys and face off against the villainous Captain Hook, all while navigating adventures that blur the line between childhood wonder and danger. (This is an automatically generated summary.)",31190,89.70,2008-06-25T00:00:00.000Z,https://www.gutenberg.org/cache/epub/16/pg16.cover.medium.jpg,https://www.gutenberg.org/files/16/16.txt,https://www.gutenberg.org/ebooks/16,
17,"The Book of Mormon : $b an account written by the hand of Mormon, upon plates taken from the plates of Nephi","Smith, Joseph, Jr.; Church of Jesus Christ of Latter-day Saints",Church of Jesus Christ of Latter-day Saints -- Sacred books; Latter Day Saint churches -- Sacred books,"Category: Mythology, Legends & Folklore; Category: Religion/Spirituality; Christianity; Latter Day Saints","""The Book of Mormon: an account written by the hand of Mormon, upon plates…"" is a religious text first published in 1830 by Joseph Smith. According to Smith, the book was translated from golden plates revealed by an angel, chronicling ancient peoples led from Jerusalem to the Americas. The text centers on an appearance of Jesus Christ in the Americas after his resurrection, containing teachings on atonement, baptism, and priesthood authority. Its origins remain contested between faith-based and scholarly interpretations. (This is an automatically generated summary.)",2747,68.70,2008-06-25T00:00:00.000Z,https://www.gutenberg.org/cache/epub/17/pg17.cover.medium.jpg,https://www.gutenberg.org/files/17/17.txt,https://www.gutenberg.org/ebooks/17,
18,The Federalist Papers,"Hamilton, Alexander; Jay, John; Madison, James",Constitutional history -- United States -- Sources; Constitutional law -- United States,"Category: Essays, Letters & Speeches; Category: History - American; Category: Politics; Politics","""The Federalist Papers"" by Alexander Hamilton, John Jay, and James Madison is a collection of 85 essays written between 1787-1788. Published under the pseudonym ""Publius,"" these articles aimed to persuade New York voters to ratify the proposed Constitution of the United States. The essays tackle fundamental questions about governance, from preventing tyranny of the majority to establishing checks and balances. They address whether societies can create good government through reason and choice, or must rely on accident and force. This defense of the Constitution became a landmark work in political science. (This is an automatically generated summary.)",2424,38.40,1991-08-01T00:00:00.000Z,https://www.gutenberg.org/cache/epub/18/pg18.cover.medium.jpg,https://www.gutenberg.org/files/18/18.txt,https://www.gutenberg.org/ebooks/18,
19,The Song of Hiawatha,"Longfellow, Henry Wadsworth","Hiawatha, active 15th century -- Poetry; Indians of North America -- Poetry; Iroquois Indians -- Kings and rulers -- Poetry","Category: American Literature; Category: Mythology, Legends & Folklore; Category: Poetry; Children's Literature; Native America; Poetry","""The Song of Hiawatha"" by Henry Wadsworth Longfellow is an epic poem published in 1855. Written in trochaic tetrameter, it tells the fictional adventures of Ojibwe warrior Hiawatha and his tragic love for Minnehaha, a Dakota woman. Set near Lake Superior's Pictured Rocks, the poem follows Hiawatha from childhood through heroic deeds including slaying an evil magician, inventing written language, and discovering corn. The story culminates with the arrival of Christian missionaries and Hiawatha's mysterious departure westward into the sunset. (This is an automatically generated summary.)",2369,66.30,2004-06-01T00:00:00.000Z,https://www.gutenberg.org/cache/epub/19/pg19.cover.medium.jpg,https://www.gutenberg.org/files/19/19.txt,https://www.gutenberg.org/ebooks/19,
20,Paradise Lost,"Milton, John",Adam (Biblical figure) -- Poetry; Bible. Genesis -- History of Biblical events -- Poetry; Eve (Biblical figure) -- Poetry; Fall of man -- Poetry,Banned Books from Anne Haight's list; Category: British Literature; Category: Classics of Literature; Category: Poetry; Poetry,"""Paradise Lost"" by John Milton is an epic poem published in 1667. It retells the biblical story of humanity's fall: Satan's rebellion against God, his expulsion to Hell, and his vengeful plot to corrupt God's newest creation—mankind. Through the temptation of Adam and Eve in the Garden of Eden, Milton explores profound themes of free will, disobedience, and redemption. The poem features one of literature's most complex villains in Satan, while seeking to ""justify the ways of God to men."" (This is an automatically generated summary.)",18284,45.70,1991-10-01T00:00:00.000Z,https://www.gutenberg.org/cache/epub/20/pg20.cover.medium.jpg,https://www.gutenberg.org/files/20/20.txt,https://www.gutenberg.org/ebooks/20,
21,Three hundred Aesop’s fables: Translated by George Fyler Townsend,Aesop,"Aesop's fables -- Translations into English; Fables, Greek -- Translations into English","Category: Classics of Literature; Category: Mythology, Legends & Folklore","""Three Hundred Aesop's Fables"" by Aesop is a collection of fables originating between 620 and 564 BCE. These timeless tales feature talking animals, plants, and humans navigating moral dilemmas and life lessons. Originally part of oral tradition, the stories were collected centuries after Aesop's death and grew to include works from diverse sources across cultures. Each brief narrative offers wisdom through simple scenarios, often concluding with explicit morals that have shaped ethical thinking for millennia. (This is an automatically generated summary.)",17111,74.00,2008-06-25T00:00:00.000Z,https://www.gutenberg.org/cache/epub/21/pg21.cover.medium.jpg,https://www.gutenberg.org/files/21/21.txt,https://www.gutenberg.org/ebooks/21,
22,Roget's Thesaurus,"Roget, Peter Mark",English language -- Synonyms and antonyms,Category: Encyclopedias/Dictionaries/Reference; Reference,"""Roget's Thesaurus"" by Peter Mark Roget is a reference work first published in 1852. Roget, a British physician and lexicographer, created this revolutionary system of verbal classification to help writers struggling with composition. Rather than arranging words alphabetically, his thesaurus organizes them into six primary classes with over a thousand meaning clusters, grouping words by semantic relationships and conceptual connections. Originally containing 15,000 words, the work has expanded through successive editions while maintaining Roget's foundational organizational system, becoming one of the most widely used English-language reference tools. (This is an automatically generated summary.)",2834,50.20,1991-12-01T00:00:00.000Z,https://www.gutenberg.org/cache/epub/22/pg22.cover.medium.jpg,https://www.gutenberg.org/files/22/22.txt,https://www.gutenberg.org/ebooks/22,
23,"Narrative of the Life of Frederick Douglass, an American Slave","Douglass, Frederick","Abolitionists -- United States -- Biography; African American abolitionists -- Biography; Douglass, Frederick, 1818-1895; Enslaved persons -- United States -- Biography",African American Writers; Category: Biographies; Category: History - American; Slavery,"""Narrative of the Life of Frederick Douglass, an American Slave"" by Frederick Douglass is a memoir written in 1845. This powerful firsthand account chronicles Douglass's experiences in bondage and his determination to gain freedom. From his early separation from his mother to brutal physical abuse under various masters, Douglass recounts the dehumanizing realities of slavery. His secret pursuit of literacy becomes a turning point, opening his mind to the possibility of escape and fueling his journey toward liberation and self-determination. (This is an automatically generated summary.)",50171,76.90,2006-01-12T00:00:00.000Z,https://www.gutenberg.org/cache/epub/23/pg23.cover.medium.jpg,https://www.gutenberg.org/files/23/23.txt,https://www.gutenberg.org/ebooks/23,
24,O Pioneers!,"Cather, Willa",Domestic fiction; Farm life -- Fiction; Frontier and pioneer life -- Nebraska -- Fiction; Historical fiction; Nebraska -- Fiction; Siblings -- Fiction; Swedish Americans -- Fiction; Women farmers -- Fiction; Women immigrants -- Fiction; Women pioneers -- Fiction,Category: American Literature; Category: Novels,"""O Pioneers!"" by Willa Cather is a novel published in 1913. It follows Alexandra Bergson, a Swedish-American immigrant who inherits her family's Nebraska farmland and fights to build prosperity on the harsh prairie while neighbors abandon their dreams. As the land transforms under her determination, two forbidden romances unfold—one between Alexandra and an old friend, the other between her brother Emil and a married woman—testing loyalty, passion, and the price of survival in an unforgiving frontier. (This is an automatically generated summary.)",1724,90.80,2008-06-27T00:00:00.000Z,https://www.gutenberg.org/cache/epub/24/pg24.cover.medium.jpg,https://www.gutenberg.org/files/24/24.txt,https://www.gutenberg.org/ebooks/24,
25,The 1991 CIA World Factbook,United States. Central Intelligence Agency,"Geography -- Handbooks, manuals, etc.; Political science -- Handbooks, manuals, etc.; Political statistics -- Handbooks, manuals, etc.; World politics -- Handbooks, manuals, etc.",Category: Encyclopedias/Dictionaries/Reference; CIA World Factbooks,"""The 1991 CIA World Factbook"" by the United States Central Intelligence Agency is a comprehensive scientific publication created during the early 1990s. The material serves as an annual reference for United States government officials, offering detailed statistical information and analysis on various countries and territories around the world, including political, economic, and geographic data.  At the start of the Factbook, there is an introduction outlining the purpose and structure of the publication, emphasizing its utility for government officials and the frameworks for the presentation of data. The opening section includes notes on how to search the directory effectively, followed by a detailed table of contents. The introduction stresses the collaborative nature of the information provided, citing numerous agencies that contributed to the Factbook, and it sets the stage for the in-depth analysis of 247 nations and territories that follows. It highlights critical statistics and elements that shape international relations and provides insight into various countries' demographics, economies, governments, and geographic details. (This is an automatically generated summary.)",1645,26.90,1992-02-01T00:00:00.000Z,https://www.gutenberg.org/cache/epub/25/pg25.cover.medium.jpg,https://www.gutenberg.org/files/25/25.txt,https://www.gutenberg.org/ebooks/25,
26,Paradise Lost,"Milton, John",Adam (Biblical figure) -- Poetry; Bible. Genesis -- History of Biblical events -- Poetry; Eve (Biblical figure) -- Poetry; Fall of man -- Poetry,Category: British Literature; Category: Classics of Literature; Category: Poetry; Category: Religion/Spirituality,"""Paradise Lost"" by John Milton is an epic poem published in 1667. It retells the biblical story of humanity's fall: Satan's rebellion against God, his banishment to Hell, and his vengeful plot to corrupt God's newest creation—mankind. Through the temptation of Adam and Eve in the Garden of Eden, Milton explores themes of free will, obedience, and moral consequence. The poem features one of literature's most complex villains and ends with humanity's expulsion from Paradise, yet offers hope for redemption. (This is an automatically generated summary.)",10962,53.00,1992-02-01T00:00:00.000Z,https://www.gutenberg.org/cache/epub/26/pg26.cover.medium.jpg,https://www.gutenberg.org/files/26/26.txt,https://www.gutenberg.org/ebooks/26,
27,Far from the Madding Crowd,"Hardy, Thomas",Didactic fiction; Farm life -- Fiction; Love stories; Pastoral fiction; Triangles (Interpersonal relations) -- Fiction; Wessex (England) -- Fiction; Women farmers -- Fiction,Category: British Literature; Category: Novels,"""Far from the Madding Crowd"" by Thomas Hardy is a novel published in 1874. Set in rural Victorian England, it follows independent Bathsheba Everdene as she navigates complex relationships with three very different men: the faithful shepherd Gabriel Oak, the prosperous farmer William Boldwood, and the dashing Sergeant Frank Troy. Against the backdrop of farm life, the story explores themes of love, honour, and betrayal, as Bathsheba's choices lead to unexpected consequences that will test all involved. (This is an automatically generated summary.)",1283,79.50,1992-03-01T00:00:00.000Z,https://www.gutenberg.org/cache/epub/27/pg27.cover.medium.jpg,https://www.gutenberg.org/files/27/27.txt,https://www.gutenberg.org/ebooks/27,
28,"The Fables of Aesop: Selected, Told Anew, and Their History Traced",Aesop,"Aesop's fables -- Adaptations; Fables, Greek -- Adaptations","Category: Children & Young Adult Reading; Category: Classics of Literature; Category: Mythology, Legends & Folklore; Category: Short Stories; Harvard Classics","""The Fables of Aesop"" by Aesop is a collection of fables credited to a storyteller who lived in ancient Greece between 620 and 564 BCE. These short tales feature talking animals and plants that teach moral lessons through simple yet profound scenarios. Originally part of oral tradition, the stories were collected centuries after Aesop's death and have been continuously expanded, translated, and reinterpreted across cultures. The fables address ethical, social, and political themes, offering timeless wisdom through humble incidents that reveal great truths about human nature and behavior. (This is an automatically generated summary.)",2629,84.80,1992-03-01T00:00:00.000Z,https://www.gutenberg.org/cache/epub/28/pg28.cover.medium.jpg,https://www.gutenberg.org/files/28/28.txt,https://www.gutenberg.org/ebooks/28,
29,The 1990 United States Census,United States. Bureau of the Census,Housing -- United States -- Statistics; United States -- Census; United States -- Population -- Statistics,Category: Encyclopedias/Dictionaries/Reference; Category: Reports & Conference Proceedings; Category: Sociology,"""The 1990 United States Census"" by the United States Bureau of the Census is a demographic survey conducted in 1990. This nationwide count documented 248,709,873 residents, marking a 9.8 percent population increase from the previous decade. The census introduced new racial categories, including separate classification for Native Hawaiian and Pacific Islander populations. It captured significant demographic shifts, including Los Angeles overtaking Chicago as the nation's second-largest city. The results determined congressional representation and electoral votes for the following decade. (This is an automatically generated summary.)",669,74.80,1992-04-01T00:00:00.000Z,https://www.gutenberg.org/cache/epub/29/pg29.cover.medium.jpg,https://www.gutenberg.org/files/29/29.txt,https://www.gutenberg.org/ebooks/29,
30,"The Bible, King James Version, Complete",,Bible,"Category: History - Ancient; Category: Mythology, Legends & Folklore; Category: Religion/Spirituality","""The Bible, King James Version, Complete"" is an Early Modern English translation commissioned in 1604 and published in 1611 under King James VI and I. This monumental work contains 80 books spanning the Old Testament, Apocrypha, and New Testament. Renowned for its majestic style, it has shaped English literature, Christian thought, and everyday language for over four centuries. Created to serve the Church of England and address concerns about existing translations, it became the dominant English Bible by the eighteenth century and remains among the most widely read translations today. (This is an automatically generated summary.)",1979,77.20,1992-04-01T00:00:00.000Z,https://www.gutenberg.org/cache/epub/30/pg30.cover.medium.jpg,https://www.gutenberg.org/files/30/30.txt,https://www.gutenberg.org/ebooks/30,
31,Plays of Sophocles: Oedipus the King; Oedipus at Colonus; Antigone,Sophocles,Antigone (Mythological character) -- Drama; Greek drama (Tragedy) -- Translations into English; Oedipus (Greek mythological figure) -- Drama; Tragedies (Drama),Best Books Ever Listings; Category: Classics of Literature; Category: Plays/Films/Dramas; Harvard Classics; Plays,"""Plays of Sophocles: Oedipus the King; Oedipus at Colonus; Antigone"" by Sophocles is a collection of classic Greek tragedies likely written in the 5th century BC. The central themes explore fate, free will, and the tragic consequences of human actions, revolving mainly around the lives of Oedipus and his family, highlighting his fall from grace and the ensuing curses that plague his lineage.  The opening of ""Oedipus the King"" sets the stage in Thebes, where King Oedipus learns about a devastating plague afflicting his city. As he vows to find the cause, he is determined to uncover the truth, leading him down a path of self-discovery and horrifying realizations about his identity and past. The characters introduced, including the priest, Creon, and the blind seer Teiresias, foreshadow the tragic unraveling of Oedipus's life, particularly as themes of hubris and fate begin to prevail, laying the groundwork for the unfolding tragedy. The pleads of the Theban citizens highlight the desperation of those under Oedipus’s reign, marking him as both a capable but ultimately doomed leader. (This is an automatically generated summary.)",3829,89.60,2006-03-08T00:00:00.000Z,https://www.gutenberg.org/cache/epub/31/pg31.cover.medium.jpg,https://www.gutenberg.org/files/31/31.txt,https://www.gutenberg.org/ebooks/31,
32,Herland,"Gilman, Charlotte Perkins",Black humor; Utopian fiction; Utopias -- Fiction; Women -- Fiction,Best Books Ever Listings; Category: American Literature; Category: Gender & Sexuality Studies; Category: Novels; Category: Science-Fiction & Fantasy,"""Herland"" by Charlotte Perkins Gilman is a feminist utopian novel written in 1915. Three male explorers discover an isolated society composed entirely of women who reproduce without men. What they find challenges every assumption they hold about gender, civilization, and human nature. As the men learn the language and customs of this all-female utopia—free of war, conflict, and domination—they must confront their own prejudices about what women should be, leading to revelations that test their understanding of society itself. (This is an automatically generated summary.)",2888,71.80,2008-06-27T00:00:00.000Z,https://www.gutenberg.org/cache/epub/32/pg32.cover.medium.jpg,https://www.gutenberg.org/files/32/32.txt,https://www.gutenberg.org/ebooks/32,
33,The Scarlet Letter,"Hawthorne, Nathaniel","Adultery -- Fiction; Boston (Mass.) -- History -- Colonial period, ca. 1600-1775 -- Fiction; Clergy -- Fiction; Historical fiction; Illegitimate children -- Fiction; Married women -- Fiction; Psychological fiction; Puritans -- Fiction; Revenge -- Fiction; Triangles (Interpersonal relations) -- Fiction; Women immigrants -- Fiction",Category: American Literature; Category: Classics of Literature; Category: Novels; Harvard Classics; Movie Books,"""The Scarlet Letter"" by Nathaniel Hawthorne is a historical novel published in 1850. Set in Puritan Massachusetts during the 1640s, it follows Hester Prynne, who bears a child outside marriage and must wear a scarlet ""A"" as punishment for adultery. While Hester refuses to name the father, her long-lost husband arrives in disguise, vowing revenge. The story explores sin, guilt, and redemption as secrets threaten to destroy lives in this unforgiving community. (This is an automatically generated summary.)",2567,64.40,1992-06-01T00:00:00.000Z,https://www.gutenberg.org/cache/epub/33/pg33.cover.medium.jpg,https://www.gutenberg.org/files/33/33.txt,https://www.gutenberg.org/ebooks/33,
34,Zen and the Art of the Internet,"Kehoe, Brendan P.",Computer networks; Information networks; Information retrieval; Internet,Category: How To ...; Category: Research Methods/Statistics/Information Sys,"""Zen and the Art of the Internet"" by Brendan P. Kehoe is a beginner's guide to navigating the Internet, written in the early 1990s. This practical manual aims to familiarize novice users with the various functions and features of the Internet, offering insight into both its potential and its complexities as a communication tool.  The opening of the guide introduces readers to the purpose of the text, which is to serve as both a reference for quick queries and a foundational resource for exploring the Internet. It emphasizes that the material is designed to be broadly applicable and not tied to any specific operating system. The text addresses the great expanse of information accessible via the Internet and cautions users about the time-consuming nature of online exploration. Specific terms, such as email addresses and domain names, are briefly explained, providing a glimpse into the foundational knowledge that the guide will cover in greater depth. (This is an automatically generated summary.)",1006,55.80,1992-06-01T00:00:00.000Z,https://www.gutenberg.org/cache/epub/34/pg34.cover.medium.jpg,https://www.gutenberg.org/files/34/34.txt,https://www.gutenberg.org/ebooks/34,
35,The Time Machine,"Wells, H. G. (Herbert George)",Dystopias -- Fiction; Science fiction; Time travel -- Fiction,Category: British Literature; Category: Novels; Category: Science-Fiction & Fantasy; Movie Books; Science Fiction,"""The Time Machine"" by H. G. Wells is a science fiction novella published in 1895. A Victorian scientist known as the Time Traveller journeys to the year 802,701, where he discovers humanity has evolved into two distinct species: the childlike Eloi and the savage Morlocks. This groundbreaking work popularized the concept of time travel and coined the term ""time machine."" Wells crafts a haunting vision of the future that explores class divisions and social inequality, taking readers on an unforgettable adventure through time's darkest possibilities. (This is an automatically generated summary.)",12761,79.50,2004-10-02T00:00:00.000Z,https://www.gutenberg.org/cache/epub/35/pg35.cover.medium.jpg,https://www.gutenberg.org/files/35/35.txt,https://www.gutenberg.org/ebooks/35,
36,The war of the worlds,"Wells, H. G. (Herbert George)",Imaginary wars and battles -- Fiction; Life on other planets -- Fiction; Mars (Planet) -- Fiction; Martians -- Fiction; Science fiction; Space warfare -- Fiction; War stories,Category: British Literature; Category: Classics of Literature; Category: Novels; Category: Science-Fiction & Fantasy; Movie Books; Science Fiction,"""The War of the Worlds"" by H. G. Wells is a science fiction novel written between 1895 and 1897. When Martians with superior intelligence and advanced weapons invade Earth, humanity faces extinction. The extraterrestrials emerge from metal cylinders, wielding devastating heat rays and toxic chemical weapons as they methodically destroy England's defenses. An unnamed narrator struggles to survive the carnage and reunite with his wife while civilization collapses around him. One of the earliest alien invasion stories, Wells's novel explores humanity's vulnerability against an unstoppable force. (This is an automatically generated summary.)",11824,77.80,2004-10-01T00:00:00.000Z,https://www.gutenberg.org/cache/epub/36/pg36.cover.medium.jpg,https://www.gutenberg.org/files/36/36.txt,https://www.gutenberg.org/ebooks/36,
37,The 1990 United States Census [2nd],United States. Bureau of the Census,Housing -- United States -- Statistics; United States -- Census; United States -- Population -- Statistics,Category: Encyclopedias/Dictionaries/Reference; Category: Reports & Conference Proceedings,"""The 1990 United States Census"" by the United States Bureau of the Census is a scientific publication that presents comprehensive demographic data collected during the 1990 census, likely written in the early 1990s. This document aims to provide insights into the population characteristics of the United States, detailing various statistics related to regions, states, and demographic components such as age, race, and household types.  The opening of the census report introduces the geographic regions defined according to the census, which are the Northeast, South, Midwest, and West. It includes a breakdown of the population estimates across these regions, along with specific data for individual states. Following this introduction, various tables present detailed statistics regarding the total populations, demographics such as sex and age distribution, and household information, illustrating the structured and methodical approach taken to analyze the nation’s population. Each section is dense with numerical data, serving as a vital resource for researchers, policymakers, and anyone interested in understanding the social and demographic trends of the early 1990s. (This is an automatically generated summary.)",724,74.70,1992-08-01T00:00:00.000Z,https://www.gutenberg.org/cache/epub/37/pg37.cover.medium.jpg,https://www.gutenberg.org/files/37/37.txt,https://www.gutenberg.org/ebooks/37,
38,"The Jargon File, Version 2.9.10, 01 Jul 1992",,Computers -- Humor; Computers -- Slang -- Dictionaries; Electronic data processing -- Terminology -- Humor,Category: Encyclopedias/Dictionaries/Reference; Category: Engineering & Technology; Category: Humour; Category: Journalism/Media/Writing,"""The Jargon File, Version 2.9.10, 01 Jul 1992"" by Eric S. Raymond and Guy L. Steele is a glossary and usage dictionary published in 1992. Born from the slang of MIT and Stanford AI labs in the 1970s, this collection captures the colorful language of early computer programmers and hackers. Through decades of evolution, it transformed from a living document into a legendary chronicle of hacker culture, preserving terms and philosophies that shaped the digital revolution and influenced generations of programmers worldwide. (This is an automatically generated summary.)",1156,64.20,1992-08-01T00:00:00.000Z,https://www.gutenberg.org/cache/epub/38/pg38.cover.medium.jpg,https://www.gutenberg.org/files/38/38.txt,https://www.gutenberg.org/ebooks/38,
39,Hitchhiker's Guide to the Internet,"Krol, Ed",Computer networks; Internet,Category: Engineering & Technology; Category: How To ...,"""The Hitchhiker's Guide to the Internet"" by Ed Krol is a practical guidebook aimed at those familiar with local area networks, written during the late 1980s. This comprehensive manual provides insight into the structure, protocols, and operations of the emerging Internet, serving as an essential resource for networking professionals and enthusiasts looking to connect their systems to the wider Internet. The book's content is reflective of an era when the Internet was transitioning from experimental networks to a more interconnected global framework.  The book covers a vast range of topics essential for understanding the Internet's functionality, starting from its historical context with the ARPAnet and leading to the complexities of network protocols, addressing, and domain name services. Krol explains critical concepts such as RFCs (Request for Comments), addressing allocation, and the role of various entities like the Network Information Center (NIC). The guide is both informative and technical, providing detailed procedures for network operation, troubleshooting, and effective use of Internet resources, making it a valuable resource for those entering the field of computer networking amidst the rapid evolution of digital communications. (This is an automatically generated summary.)",861,63.00,1992-09-01T00:00:00.000Z,https://www.gutenberg.org/cache/epub/39/pg39.cover.medium.jpg,https://www.gutenberg.org/files/39/39.txt,https://www.gutenberg.org/ebooks/39,
40,NorthWestNet User Services Internet Resource Guide (NUSIRG),"Kochmer, Jonathan",Internet,Category: Research Methods/Statistics/Information Sys; Category: Teaching & Education,"""NORTHWESTNET USER SERVICES INTERNET RESOURCE GUIDE (NUSIRG)"" by Jonathan Kochmer is a technical guide created in the early 1990s. The guide serves as a comprehensive resource for users of the NorthWestNet indexing various internet services, policies, and user support systems tied to the network. It is primarily aimed at individuals affiliated with the NorthWestNet network, including academics, researchers, and members of the education community.  The beginning of the guide lays out essential information on how users can access the NUSIRG for free via the File Transfer Protocol (FTP) or purchase a printed version. It details instructions for using FTP to obtain the guide and mentions the availability of various file formats. Furthermore, it highlights the NorthWestNet's mission, emphasizing education, research, and the expansion of network connectivity in the region through programs, training, and user support. The initial pages provide an overview of the structure and content of the guide, leading into sections that cover acceptable use policies and the operations of the network's services. (This is an automatically generated summary.)",280,,1992-09-01T00:00:00.000Z,https://www.gutenberg.org/cache/epub/40/pg40.cover.medium.jpg,https://www.gutenberg.org/files/40/40.txt,https://www.gutenberg.org/ebooks/40,
41,The Legend of Sleepy Hollow,"Irving, Washington",Ghosts -- Fiction; New York (State) -- History -- 1775-1865 -- Fiction,"Category: American Literature; Category: Mythology, Legends & Folklore; Category: Short Stories; Children's Literature; Harvard Classics","""The Legend of Sleepy Hollow"" by Washington Irving is a short story written in 1820. Set in 1790 in a secluded glen near Tarrytown, it follows Ichabod Crane, a superstitious schoolmaster who competes with local rowdy Brom Bones for the affections of wealthy Katrina Van Tassel. After a harvest party filled with ghost stories about a Headless Horseman, Ichabod encounters a terrifying cloaked rider on his journey home. The next morning, he has vanished, leaving only mysterious clues behind. (This is an automatically generated summary.)",21471,52.80,2008-06-27T00:00:00.000Z,https://www.gutenberg.org/cache/epub/41/pg41.cover.medium.jpg,https://www.gutenberg.org/files/41/41.txt,https://www.gutenberg.org/ebooks/41,
42,The strange case of Dr. Jekyll and Mr. Hyde,"Stevenson, Robert Louis",Horror tales; London (England) -- Fiction; Multiple personality -- Fiction; Physicians -- Fiction; Psychological fiction; Science fiction; Self-experimentation in medicine -- Fiction,"Category: British Literature; Category: Classics of Literature; Category: Crime, Thrillers and Mystery; Category: Novels; Gothic Fiction; Horror; Movie Books; Precursors of Science Fiction","""The Strange Case of Dr. Jekyll and Mr. Hyde"" by Robert Louis Stevenson is a Gothic horror novella published in 1886. When London lawyer Gabriel John Utterson investigates strange occurrences involving his old friend Dr. Henry Jekyll and a murderous criminal named Edward Hyde, he uncovers a disturbing mystery. This defining work of Gothic horror explores the duality of human nature, examining how good and evil can intertwine within a single person. The story's impact endures today, with ""Jekyll and Hyde"" becoming synonymous with those who possess hidden, shocking darkness. (This is an automatically generated summary.)",38989,75.40,1992-10-01T00:00:00.000Z,https://www.gutenberg.org/cache/epub/42/pg42.cover.medium.jpg,https://www.gutenberg.org/files/42/42.txt,https://www.gutenberg.org/ebooks/42,
43,The strange case of Dr. Jekyll and Mr. Hyde,"Stevenson, Robert Louis",Horror tales; London (England) -- Fiction; Multiple personality -- Fiction; Physicians -- Fiction; Psychological fiction; Science fiction; Self-experimentation in medicine -- Fiction,"Category: British Literature; Category: Classics of Literature; Category: Crime, Thrillers and Mystery; Category: Novels; Horror; Movie Books; Precursors of Science Fiction","""The Strange Case of Dr. Jekyll and Mr. Hyde"" by Robert Louis Stevenson is a Gothic horror novella published in 1886. When London lawyer Gabriel John Utterson investigates strange occurrences involving his old friend Dr. Henry Jekyll and a murderous criminal named Edward Hyde, he uncovers a disturbing mystery. This defining work of Gothic horror explores the duality of human nature and has profoundly influenced popular culture, making ""Jekyll and Hyde"" synonymous with hidden evil beneath respectable appearances. (This is an automatically generated summary.)",57647,75.40,2008-06-27T00:00:00.000Z,https://www.gutenberg.org/cache/epub/43/pg43.cover.medium.jpg,https://www.gutenberg.org/files/43/43.txt,https://www.gutenberg.org/ebooks/43,
44,The Song of the Lark,"Cather, Willa",Bildungsromans; Chicago (Ill.) -- Fiction; Children of clergy -- Fiction; Colorado -- Fiction; Musical fiction; Opera -- Fiction; Swedish Americans -- Fiction; Women singers -- Fiction; Young women -- Fiction,Category: American Literature; Category: Novels; Opera,"""The Song of the Lark"" by Willa Cather is a novel written in 1915. It follows Thea Kronborg, a talented girl from a small Colorado town who dreams of becoming a musician. When a teacher discovers her remarkable singing voice, she leaves home to pursue vocal training in Chicago and beyond. The novel traces her artistic development and personal sacrifices as she climbs toward success, shedding relationships that no longer serve her ambition in the burgeoning American West. (This is an automatically generated summary.)",1588,82.50,2008-06-27T00:00:00.000Z,https://www.gutenberg.org/cache/epub/44/pg44.cover.medium.jpg,https://www.gutenberg.org/files/44/44.txt,https://www.gutenberg.org/ebooks/44,
45,Anne of Green Gables,"Montgomery, L. M. (Lucy Maud)","Bildungsromans; Canada -- History -- 1867-1914 -- Fiction; Country life -- Prince Edward Island -- Fiction; Friendship -- Fiction; Girls -- Fiction; Islands -- Fiction; Orphans -- Fiction; Prince Edward Island -- History -- 20th century -- Fiction; Shirley, Anne (Fictitious character) -- Fiction",Canada; Category: Children & Young Adult Reading; Category: Classics of Literature; Category: Novels; Children's Literature,"""Anne of Green Gables"" by L. M. Montgomery is a novel published in 1908. When eleven-year-old orphan Anne Shirley arrives at Green Gables farm by mistake, the Cuthbert siblings had requested a boy to help with farmwork. Imaginative, talkative, and eager to belong, Anne must prove herself worthy of staying. The story follows her adventures in the village of Avonlea—making friends, excelling at school, clashing with rival Gilbert Blythe, and transforming the lives of everyone around her. (This is an automatically generated summary.)",21412,81.80,2008-06-27T00:00:00.000Z,https://www.gutenberg.org/cache/epub/45/pg45.cover.medium.jpg,https://www.gutenberg.org/files/45/45.txt,https://www.gutenberg.org/ebooks/45,
46,A Christmas Carol in Prose; Being a Ghost Story of Christmas,"Dickens, Charles","Christmas stories; Ghost stories; London (England) -- Fiction; Misers -- Fiction; Poor families -- Fiction; Scrooge, Ebenezer (Fictitious character) -- Fiction; Sick children -- Fiction",Category: British Literature; Category: Classics of Literature; Category: Novels; Children's Literature; Christmas,"""A Christmas Carol in Prose; Being a Ghost Story of Christmas"" by Charles Dickens is a novella published in 1843. It tells the story of Ebenezer Scrooge, a greedy miser who despises Christmas. Through supernatural visits from four ghosts—Jacob Marley and the spirits of Christmas Past, Present, and Future—Scrooge undergoes a profound transformation. This beloved tale has become one of Dickens's most famous works, adapted countless times across virtually every medium and performance genre since its publication. (This is an automatically generated summary.)",14246,80.00,2004-08-11T00:00:00.000Z,https://www.gutenberg.org/cache/epub/46/pg46.cover.medium.jpg,https://www.gutenberg.org/files/46/46.txt,https://www.gutenberg.org/ebooks/46,
47,Anne of Avonlea,"Montgomery, L. M. (Lucy Maud)","Canada -- History -- 1914-1945 -- Fiction; Islands -- Fiction; Orphans -- Fiction; Prince Edward Island -- History -- 20th century -- Fiction; Shirley, Anne (Fictitious character) -- Fiction; Teachers -- Fiction",Canada; Category: British Literature; Category: Children & Young Adult Reading; Category: Novels; Children's Literature,"""Anne of Avonlea"" by L. M. Montgomery is a novel published in 1909. This sequel follows Anne Shirley from ages sixteen to eighteen as she becomes Avonlea's schoolteacher on Prince Edward Island. Anne navigates the challenges of teaching, helps raise two orphaned twins, and co-founds the Village Improvement Society with mixed results. Along the way, she befriends an imaginative student and reunites a lonely woman with her long-lost love, all while preparing for college alongside her friend Gilbert. (This is an automatically generated summary.)",4596,82.80,2006-03-08T00:00:00.000Z,https://www.gutenberg.org/cache/epub/47/pg47.cover.medium.jpg,https://www.gutenberg.org/files/47/47.txt,https://www.gutenberg.org/ebooks/47,
48,The 1992 CIA World Factbook,United States. Central Intelligence Agency,"Geography -- Handbooks, manuals, etc.; Political science -- Handbooks, manuals, etc.; Political statistics -- Handbooks, manuals, etc.; World politics -- Handbooks, manuals, etc.",Category: Encyclopedias/Dictionaries/Reference; CIA World Factbooks,"""The 1992 CIA World Factbook"" by the United States Central Intelligence Agency is a comprehensive reference publication created in the early 1990s. This work provides an extensive overview of various countries' geographical, political, and economic profiles, along with critical data about population demographics, governmental structures, and social statistics.  The opening of the factbook introduces its structured format, highlighting methods for efficient data retrieval within the text, such as searching for specific country sections. It begins by presenting detailed information about Afghanistan's geography, including land area, climate, natural resources, and environmental challenges. The dataset covers population statistics, religious distribution, and literacy rates, followed by a thorough examination of Afghanistan's government structure, economic overview, and additional specifics about its communications and military capabilities. This systematic approach continues for each country, ensuring readers can access accurate and essential information for a global understanding at a specific historical moment. (This is an automatically generated summary.)",1474,24.80,1993-01-01T00:00:00.000Z,https://www.gutenberg.org/cache/epub/48/pg48.cover.medium.jpg,https://www.gutenberg.org/files/48/48.txt,https://www.gutenberg.org/ebooks/48,
49,Surfing the Internet: An Introduction: Version 2.0.2,"Polly, Jean Armour",Computer network resources -- Directories; Electronic mail systems -- Directories; Internet addresses -- Directories,Category: How To ...; Category: Journalism/Media/Writing; Category: Language & Communication,"""Surfing the Internet: An Introduction"" by Jean Armour Polly is a non-technical guidebook written in the early 1990s, specifically 1992, during the burgeoning days of internet connectivity. The book addresses the topic of internet communications, focusing on how libraries and librarians can utilize the vast resources of the internet to enhance their services and foster communication within the scholarly community and beyond.  The content of the book serves as a primer for readers interested in understanding the potential of the internet as a tool for information sharing and exchange. It elaborates on various internet services, including electronic mail, discussion lists, and electronic journals, all while highlighting the evolving nature of networking and digital communication. Polly shares anecdotes from her experiences on the internet, illustrating its global reach and the unique virtual connections formed across geographic boundaries. The book emphasizes both the practical aspects of using the internet for research and communication, as well as its role as an equalizer that breaks down barriers in information access and social interactions. Overall, it invites readers to embark on their own internet journeys, encouraging exploration and active participation in this new digital landscape. (This is an automatically generated summary.)",808,57.10,1993-01-01T00:00:00.000Z,https://www.gutenberg.org/cache/epub/49/pg49.cover.medium.jpg,https://www.gutenberg.org/files/49/49.txt,https://www.gutenberg.org/ebooks/49,
50,Pi,"Hemphill, Scott",Mathematics; Pi,Category: Mathematics; Mathematics,,573,,1993-01-01T00:00:00.000Z,https://www.gutenberg.org/cache/epub/50/pg50.cover.medium.jpg,https://www.gutenberg.org/cache/epub/50/pg50.txt.utf8,https://www.gutenberg.org/ebooks/50,
51,Anne of the Island,"Montgomery, L. M. (Lucy Maud)","Canada -- History -- 1914-1945 -- Fiction; Interpersonal relations -- Fiction; Nova Scotia -- History -- 20th century -- Fiction; Orphans -- Fiction; Prince Edward Island -- History -- 20th century -- Fiction; Self-perception -- Fiction; Shirley, Anne (Fictitious character) -- Fiction; Universities and colleges -- Fiction",Canada; Category: Children & Young Adult Reading; Category: Novels; Children's Literature,"""Anne of the Island"" by L. M. Montgomery is a novel published in 1915. Anne Shirley leaves Prince Edward Island for the first time to attend Redmond College in Nova Scotia, embarking on new adventures with old and new friends. As she navigates college life, romantic proposals, and questions of true love, Anne must discover what her heart truly desires—and whether the ideal she's always imagined matches reality. (This is an automatically generated summary.)",4434,83.70,2006-03-08T00:00:00.000Z,https://www.gutenberg.org/cache/epub/51/pg51.cover.medium.jpg,https://www.gutenberg.org/files/51/51.txt,https://www.gutenberg.org/ebooks/51,
52,The Square Root of 2,"Kerr, Stan",Mathematics; Square root,Mathematics,,126,,1993-02-01T00:00:00.000Z,https://www.gutenberg.org/cache/epub/52/pg52.cover.medium.jpg,https://www.gutenberg.org/files/52/52.txt,https://www.gutenberg.org/ebooks/52,
53,"Workshop on Electronic Texts: Proceedings, 9-10 June 1992",Library of Congress,Electronic books; Electronic publishing -- Congresses; Text processing (Computer science) -- Congresses,Category: Engineering & Technology; Category: Reports & Conference Proceedings,"""Workshop on Electronic Texts: Proceedings"" edited by James Daly is a scientific publication documenting discussions and presentations from a conference held in the early 1990s. The book captures the collaborative exploration of methodologies for digitizing, preserving, and presenting historical textual materials and images, focusing on the implications of electronic texts for scholarship, usability, and technology in library sciences.   The opening of this work sets the stage for a gathering at the Library of Congress where diverse stakeholders shared their insights and experiences related to electronic texts. The introduction highlights the themes of the workshop, including imaging, conversion techniques, and the challenges of copyright, while emphasizing the ongoing evolution of scholarly communication due to technological advancements. It outlines the concerns about quality versus quantity in digitization efforts, the need for standards in electronic texts, and the importance of understanding user requirements in an evolving digital landscape. Overall, the text serves as a comprehensive overview of a crucial stage in the shift toward electronic archival practices in the humanities. (This is an automatically generated summary.)",824,37.30,1993-02-01T00:00:00.000Z,https://www.gutenberg.org/cache/epub/53/pg53.cover.medium.jpg,https://www.gutenberg.org/files/53/53.txt,https://www.gutenberg.org/ebooks/53,
54,The Marvelous Land of Oz,"Baum, L. Frank (Lyman Frank)",Conduct of life -- Juvenile fiction; Fantasy literature; Friendship -- Juvenile fiction; Kings and rulers -- Juvenile fiction; Magic -- Juvenile fiction; Oz (Imaginary place) -- Juvenile fiction; Practical jokes -- Juvenile fiction; Queens -- Juvenile fiction; Voyages and travels -- Juvenile fiction; Witches -- Juvenile fiction; Women soldiers -- Juvenile fiction; Youth -- Conduct of life -- Juvenile fiction,Category: American Literature; Category: Children & Young Adult Reading; Category: Novels; Category: Science-Fiction & Fantasy; Children's Literature; Fantasy,"""The Marvelous Land of Oz"" by L. Frank Baum is a novel published in 1904. This sequel follows young Tip as he escapes his cruel guardian, the witch Mombi, with a magical pumpkin-headed companion. When an all-girl army conquers the Emerald City, Tip joins forces with the Scarecrow and Tin Woodman on a wild adventure involving flying machines, hidden royalty, and shocking transformations that will determine Oz's rightful ruler. (This is an automatically generated summary.)",2662,79.80,1993-02-01T00:00:00.000Z,https://www.gutenberg.org/cache/epub/54/pg54.cover.medium.jpg,https://www.gutenberg.org/files/54/54.txt,https://www.gutenberg.org/ebooks/54,
55,The Wonderful Wizard of Oz,"Baum, L. Frank (Lyman Frank)","Courage -- Juvenile fiction; Cowardly Lion (Fictitious character) -- Juvenile fiction; Cyclones -- Juvenile fiction; Dreams -- Juvenile fiction; Fantasy literature; Gale, Dorothy (Fictitious character) -- Juvenile fiction; Good and evil -- Juvenile fiction; Home -- Juvenile fiction; Oz (Imaginary place) -- Juvenile fiction; Scarecrow (Fictitious character from Baum) -- Juvenile fiction; Tin Woodman (Fictitious character) -- Juvenile fiction; Toto (Fictitious character) -- Juvenile fiction; Witches -- Juvenile fiction; Wizard of Oz (Fictitious character) -- Juvenile fiction",Category: Adventure; Category: American Literature; Category: Children & Young Adult Reading; Category: Science-Fiction & Fantasy; Children's Literature; Fantasy,"""The Wonderful Wizard of Oz"" by L. Frank Baum is a children's novel written in 1900. When a cyclone sweeps young Dorothy and her dog Toto from Kansas to the magical Land of Oz, she discovers only one way home: she must destroy the Wicked Witch of the West. Joined by a Scarecrow seeking brains, a Tin Woodman wanting a heart, and a Cowardly Lion desiring courage, Dorothy follows the yellow brick road to seek help from the mysterious Wizard of Oz. (This is an automatically generated summary.)",34120,86.60,1993-02-01T00:00:00.000Z,https://www.gutenberg.org/cache/epub/55/pg55.cover.medium.jpg,https://www.gutenberg.org/files/55/55.txt,https://www.gutenberg.org/ebooks/55,
56,NREN for All: Insurmountable Opportunity,"Polly, Jean Armour",Internet; National Research and Education Network (Computer network),Category: Engineering & Technology; Category: Teaching & Education,"""NREN for All: Insurmountable Opportunity"" by Jean Armour Polly is a scientific publication written in the early 1990s. The book discusses the National Research and Education Network (NREN), highlighting its potential to enhance access to information and collaboration in various fields, particularly for those in underserved, rural areas. Polly explores the implications of NREN and its capability to bridge educational divides through technology.  In her analysis, Polly emphasizes the challenges that may arise with the implementation of NREN, particularly focusing on accessibility, privacy, and the role of public libraries in this new digital landscape. She poses critical questions regarding how individuals, especially children in remote areas, will access these new technologies and resources. Throughout the publication, Polly advocates for the importance of public libraries as vital access points to high-speed internet, while also recognizing the financial and infrastructural hurdles they face. The book ultimately serves as a call to action for ensuring equitable access to information technology and the preservation of library services in the face of evolving digital demands. (This is an automatically generated summary.)",683,45.00,1993-03-01T00:00:00.000Z,https://www.gutenberg.org/cache/epub/56/pg56.cover.medium.jpg,https://www.gutenberg.org/files/56/56.txt,https://www.gutenberg.org/ebooks/56,
57,Aladdin and the Magic Lamp,Unknown,Arabs -- Folklore; Children's stories; Fairy tales; Folklore -- Arab countries,"Category: Adventure; Category: Historical Novels; Category: Mythology, Legends & Folklore","""Aladdin and the Magic Lamp"" by Unknown is a Middle Eastern folk tale added to One Thousand and One Nights by French translator Antoine Galland in 1710. A poor young man in China encounters a sorcerer who tricks him into retrieving a magical lamp from an enchanted cave. Trapped but aided by a magic ring, Aladdin escapes with the lamp and discovers it contains a powerful genie. He gains wealth, marries a princess, and builds a magnificent palace—but the vengeful sorcerer returns to reclaim the lamp and steal everything Aladdin has won. (This is an automatically generated summary.)",1565,85.80,1993-03-01T00:00:00.000Z,https://www.gutenberg.org/cache/epub/57/pg57.cover.medium.jpg,https://www.gutenberg.org/files/57/57.txt,https://www.gutenberg.org/ebooks/57,
58,Paradise Regained,"Milton, John",Bible. Gospels -- History of Biblical events -- Poetry; English poetry; Epic poetry; Jesus Christ -- Temptation -- Poetry,Category: British Literature; Category: Classics of Literature; Category: Poetry; Category: Religion/Spirituality,"""Paradise Regained"" by John Milton is an epic poem first published in 1671. This brief epic depicts Christ's forty days in the wilderness, where Satan attempts to break his resolve through increasingly sophisticated temptations. Unlike Milton's ornate ""Paradise Lost,"" this work employs a plainer style to chronicle Christ's spiritual battle. Through offers of food, wealth, power, and ancient wisdom, Satan tests the fasting Jesus, who responds with scripture and steadfast refusal. The poem explores themes of reversal and hunger—both literal and spiritual—as Christ resists temptation to regain what humanity lost in Eden. (This is an automatically generated summary.)",1398,61.30,1993-03-01T00:00:00.000Z,https://www.gutenberg.org/cache/epub/58/pg58.cover.medium.jpg,https://www.gutenberg.org/files/58/58.txt,https://www.gutenberg.org/ebooks/58,
59,Discourse on the Method of Rightly Conducting One's Reason and of Seeking Truth in the Sciences,"Descartes, René",Methodology; Science -- Methodology,Category: History - Early Modern (c. 1450-1750); Category: Philosophy & Ethics; Harvard Classics; Philosophy,"""Discourse on the Method of Rightly Conducting One's Reason and of Seeking Truth in the Sciences"" by René Descartes is a philosophical and autobiographical treatise published in 1637. Descartes confronts skepticism by doubting everything to discover incontrovertible truth. This approach leads him to his famous conclusion ""I think, therefore I am."" He presents four precepts for arriving at genuine knowledge, starting from the simplest ideas and building systematically. The work establishes foundations for modern philosophy and natural sciences, introducing reasoning methods that would revolutionize Western thought. (This is an automatically generated summary.)",6038,7.50,1993-03-01T00:00:00.000Z,https://www.gutenberg.org/cache/epub/59/pg59.cover.medium.jpg,https://www.gutenberg.org/files/59/59.txt,https://www.gutenberg.org/ebooks/59,
60,The Scarlet Pimpernel,"Orczy, Emmuska Orczy, Baroness","Adventure stories; Blakeney, Percy, Sir (Fictitious character) -- Fiction; British -- France -- Fiction; France -- History -- Revolution, 1789-1799 -- Fiction; Historical fiction; Nobility -- Fiction",Adventure; Best Books Ever Listings; Category: Adventure; Category: British Literature; Category: Historical Novels; Movie Books,"""The Scarlet Pimpernel"" by Baroness Emmuska Orczy Orczy is a historical fiction novel published in 1905. Set during the French Revolution's Reign of Terror, it follows a mysterious Englishman who rescues aristocrats from the guillotine. Sir Percy Blakeney appears to be merely a wealthy fop, but conceals a daring secret identity. When his wife Marguerite becomes entangled in a dangerous plot involving a French agent, she must uncover the truth about her husband before it's too late. (This is an automatically generated summary.)",2706,77.30,2006-03-08T00:00:00.000Z,https://www.gutenberg.org/cache/epub/60/pg60.cover.medium.jpg,https://www.gutenberg.org/files/60/60.txt,https://www.gutenberg.org/ebooks/60,
61,The Communist Manifesto,"Marx, Karl; Engels, Friedrich",Communism; Socialism,"Banned Books from Anne Haight's list; Category: Economics; Category: Essays, Letters & Speeches; Category: History - Modern (1750+); Category: Philosophy & Ethics; Category: Politics; Philosophy; Politics","""The Communist Manifesto"" by Karl Marx and Friedrich Engels is a political pamphlet published in 1848. Commissioned by the Communist League, it presents the theory that all history is shaped by class struggle. The authors analyze how capitalism creates conflict between the working class and those who own the means of production. They predict capitalism will destroy itself through internal contradictions, leading to revolution and a classless society. The manifesto outlines transitional policies and ends with its famous call for working-class solidarity across all nations. (This is an automatically generated summary.)",7789,38.00,2005-01-25T00:00:00.000Z,https://www.gutenberg.org/cache/epub/61/pg61.cover.medium.jpg,https://www.gutenberg.org/files/61/61.txt,https://www.gutenberg.org/ebooks/61,
62,A princess of Mars,"Burroughs, Edgar Rice","Carter, John (Fictitious character) -- Fiction; Dejah Thoris (Fictitious character) -- Fiction; Mars (Planet) -- Fiction; Princesses -- Fiction; Science fiction",Best Books Ever Listings; Category: Adventure; Category: Science-Fiction & Fantasy; Science Fiction,"""A Princess of Mars"" by Edgar Rice Burroughs is a science fantasy novel first serialized in 1912. Confederate veteran John Carter is mysteriously transported to Mars, a dying desert planet called Barsoom. With superhuman strength from the planet's lower gravity, he becomes entangled with warlike Green Martians and rescues Dejah Thoris, a princess of the humanoid Red Martians. Carter must navigate deadly political conflicts between alien races while fighting to protect the princess and save all life on Mars from extinction. (This is an automatically generated summary.)",20633,59.10,1993-04-01T00:00:00.000Z,https://www.gutenberg.org/cache/epub/62/pg62.cover.medium.jpg,https://www.gutenberg.org/files/62/62.txt,https://www.gutenberg.org/ebooks/62,
63,"The Number ""e""",Unknown,Mathematical constants; Mathematics,Category: Mathematics; Historical Fiction,"""The Number 'e'"" by Unknown is a mathematical publication likely written in the late 20th century. The book appears to delve into the mathematical constant 'e' and provides an extensive computation of its value to a hundred thousand decimal places, showcasing both the calculation methodology and the significance of this number in mathematics.  The opening section primarily presents the calculated value of 'e', systematically displayed to an astonishing degree of precision. It notes the computational technique used to derive this expansive sequence, involving an alternating series to determine the value of 1/e, which is subsequently inverted to arrive at 'e'. The text illustrates the technical process and the time it took to execute the calculations, providing insight into the computational advancements in mathematics. Overall, this beginning sets the stage for a detailed exploration of the mathematical constant 'e', highlighting its importance and the complexity inherent in its calculation. (This is an automatically generated summary.)",705,,1993-04-01T00:00:00.000Z,https://www.gutenberg.org/cache/epub/63/pg63.cover.medium.jpg,https://www.gutenberg.org/files/63/63.txt,https://www.gutenberg.org/ebooks/63,
64,The gods of Mars,"Burroughs, Edgar Rice","Carter, John (Fictitious character) -- Fiction; Dejah Thoris (Fictitious character) -- Fiction; Life on other planets -- Fiction; Mars (Planet) -- Fiction; Science fiction",Category: Adventure; Category: American Literature; Category: Novels; Category: Science-Fiction & Fantasy; Science Fiction,"""The Gods of Mars"" by Edgar Rice Burroughs is a science fantasy novel first published as a serial in 1913. John Carter returns to Mars after ten years, only to materialize in the Valley Dor—the Martian afterlife from which no one may leave. There he discovers a dark truth: the supposed gods of Mars are frauds who enslave and devour pilgrims seeking paradise. Carter must fight through layers of deception, rescue his beloved Dejah Thoris, and lead a massive fleet against false deities to expose the lies that have deceived an entire world. (This is an automatically generated summary.)",29142,75.30,1993-05-01T00:00:00.000Z,https://www.gutenberg.org/cache/epub/64/pg64.cover.medium.jpg,https://www.gutenberg.org/files/64/64.txt,https://www.gutenberg.org/ebooks/64,
65,"The First 100,000 Prime Numbers",Unknown,"Mathematics; Numbers, Prime",Category: Encyclopedias/Dictionaries/Reference; Category: Mathematics,,604,,1993-05-01T00:00:00.000Z,https://www.gutenberg.org/cache/epub/65/pg65.cover.medium.jpg,https://www.gutenberg.org/cache/epub/65/pg65.txt.utf8,https://www.gutenberg.org/ebooks/65,
66,The Dawn of Amateur Radio in the U.K. and Greece: A Personal View,"Joly, Norman F.",Radio broadcasting,Category: Engineering & Technology; Category: History - Modern (1750+),"""The Dawn of Amateur Radio in the U.K. and Greece: A Personal View"" by Norman F. Joly is a historical account likely written in the late 20th century. This work chronicles the development of amateur radio, particularly focusing on its evolution in the United Kingdom and Greece, through both a scientific lens and personal anecdotes from the author’s experiences and observations within the radio amateur community.  The opening of the book introduces readers to the historical roots of electricity and its pivotal role in the creation of radio communications. Joly begins by detailing key figures in the history of electricity, such as Thales of Miletus and Benjamin Franklin, and explores their contributions to the understanding of electric phenomena. The subsequent chapters promise to delve into the milestones of radio communication, including the advent of amateur radio and notable events like the transatlantic tests of the early 1920s and the struggles faced by early Greek radio amateurs during their formative years. The text sets a tone of exploration and reverence for the contributions of amateur radio enthusiasts, emphasizing their significant role in technological innovation and communication. (This is an automatically generated summary.)",811,60.90,1993-05-01T00:00:00.000Z,https://www.gutenberg.org/cache/epub/66/pg66.cover.medium.jpg,https://www.gutenberg.org/files/66/66.txt,https://www.gutenberg.org/ebooks/66,
67,The Black Experience in America,"Coombs, Norman",African Americans -- History; Slavery -- United States -- History,Category: History - American,"""The Black Experience in America"" by Norman Coombs is a historical account written in the early 1990s. The book delves into the complex and multifaceted narratives surrounding the African American experience, tracing the journey from the African origins through slavery and into the struggles for civil rights. It seeks to illuminate the unique cultural contributions of African Americans while examining the harsh realities of racism and oppression faced throughout American history.  The opening of the book sets the stage for this exploration by discussing the historical context of African origins and the beginning of slavery in America. Coombs introduces the idea of Africa as the cradle of humankind, illustrating the rich heritage that was forcibly disrupted by the transatlantic slave trade. It highlights the establishment of powerful West African empires and the subsequent dynamics of the slave trade, as well as the early economic systems that contributed to the dehumanization and commodification of African bodies in America. This foundational portion establishes a critical understanding of how the African heritage has profoundly shaped the American cultural landscape, laying the groundwork for further discussions on the diverse responses of African Americans to their circumstances. (This is an automatically generated summary.)",960,52.40,1993-05-01T00:00:00.000Z,https://www.gutenberg.org/cache/epub/67/pg67.cover.medium.jpg,https://www.gutenberg.org/files/67/67.txt,https://www.gutenberg.org/ebooks/67,
68,The warlord of Mars,"Burroughs, Edgar Rice","Carter, John (Fictitious character) -- Fiction; Dejah Thoris (Fictitious character) -- Fiction; Mars (Planet) -- Fiction; Science fiction",Category: Adventure; Category: Science-Fiction & Fantasy; Science Fiction,"""The Warlord of Mars"" by Edgar Rice Burroughs is a science fantasy novel written in 1913 and published in 1914. John Carter races across the frozen polar regions of Mars to rescue his imprisoned wife, Princess Dejah Thoris, from vengeful enemies who have abducted her. His desperate pursuit leads him to discover the hidden realm of the Yellow Martians and their tyrannical ruler, triggering battles and rebellions that will determine the fate of multiple Martian kingdoms. (This is an automatically generated summary.)",17563,69.70,1993-06-01T00:00:00.000Z,https://www.gutenberg.org/cache/epub/68/pg68.cover.medium.jpg,https://www.gutenberg.org/files/68/68.txt,https://www.gutenberg.org/ebooks/68,
69,The 32nd Mersenne Prime: Predicted by Mersenne,"Slowinski, David","Numbers, Prime; Number theory",Category: Mathematics; Mathematics,"""The 32nd Mersenne Prime"" by David Slowinski is a scientific publication likely written in the early 21st century. The text appears to delve into the discovery of a significant prime number, specifically the 32nd Mersenne Prime, highlighting its mathematical importance and the computational power involved in verifying its existence.   The opening of the work presents the discovery of the 32nd Mersenne Prime in February 1993, attributing the breakthrough to the efforts surrounding Andrew Wiles' proof of Fermat's Last Theorem. The Mersenne number, represented in a lengthy numeric form, showcases the scale of what the author describes, indicating not just the numerical value but also the process required to compute such a prime number. This section serves as an introduction to the complexity of prime numbers and the excitement surrounding significant mathematical milestones, potentially engaging readers interested in number theory and computational mathematics. (This is an automatically generated summary.)",749,,1993-06-01T00:00:00.000Z,https://www.gutenberg.org/cache/epub/69/pg69.cover.medium.jpg,https://www.gutenberg.org/files/69/69.txt,https://www.gutenberg.org/ebooks/69,
70,What Is Man? and Other Essays,"Twain, Mark",American essays,"Category: American Literature; Category: Essays, Letters & Speeches; Category: Philosophy & Ethics","""What Is Man? and Other Essays"" by Mark Twain is a collection of essays and philosophical dialogues written in the late 19th century. The essays explore profound inquiries into human nature, morality, and the influences that shape our thoughts and behaviors. The opening dialogue focuses on a conversation between an Old Man and a Young Man, wherein they debate whether human beings are merely machines driven by external influences, leading to a discussion about personal merit and the essence of free will.  The beginning of this work sets the stage for Twain’s exploration of existential questions and the concept of man as a machine. The Old Man argues that individuals do not create their thoughts or actions independently; instead, they are influenced and shaped by their experiences and environment, likening humanity's state to that of a complex engine rather than free-thinking beings. He discusses the origins of opinions and virtues, suggesting that every impulse—whether for noble or selfish reasons—is ultimately aimed at appeasing one's inner self. This establishes a provocative premise that invites readers to reflect on the essence of their own motives and the nature of human existence. (This is an automatically generated summary.)",2272,69.30,2004-09-13T00:00:00.000Z,https://www.gutenberg.org/cache/epub/70/pg70.cover.medium.jpg,https://www.gutenberg.org/files/70/70.txt,https://www.gutenberg.org/ebooks/70,
71,On the Duty of Civil Disobedience,"Thoreau, Henry David","Civil disobedience; Government, Resistance to","Category: American Literature; Category: Essays, Letters & Speeches; Category: Philosophy & Ethics; Category: Politics","""On the Duty of Civil Disobedience"" by Henry David Thoreau is an essay first published in 1849. Thoreau argues that individuals must follow their conscience over unjust laws, challenging the idea that citizens should passively obey government authority. Motivated by his opposition to slavery and the Mexican-American War, he contends that governments often enable injustice rather than prevent it. The essay became a foundational text for nonviolent resistance, profoundly influencing activists like Mahatma Gandhi and Martin Luther King Jr. in their struggles for justice and social change. (This is an automatically generated summary.)",3744,60.90,1993-06-01T00:00:00.000Z,https://www.gutenberg.org/cache/epub/71/pg71.cover.medium.jpg,https://www.gutenberg.org/files/71/71.txt,https://www.gutenberg.org/ebooks/71,
72,"Thuvia, maid of Mars","Burroughs, Edgar Rice",Mars (Planet) -- Fiction; Martians -- Fiction; Science fiction,Category: Adventure; Category: American Literature; Category: Romance; Category: Science-Fiction & Fantasy; Science Fiction,"""Thuvia, Maid of Mars"" by Edgar Rice Burroughs is a science fantasy novel published in 1916. The fourth book in the Barsoom series shifts focus to Carthoris, son of John Carter, who loves Princess Thuvia of Ptarth—a woman promised to another. When Thuvia is kidnapped and Carthoris is framed, war threatens to erupt between Martian nations. His desperate rescue mission leads him to ancient Lothar, where a mysterious race creates deadly illusions from pure thought. (This is an automatically generated summary.)",43298,79.20,1993-07-01T00:00:00.000Z,https://www.gutenberg.org/cache/epub/72/pg72.cover.medium.jpg,https://www.gutenberg.org/files/72/72.txt,https://www.gutenberg.org/ebooks/72,
73,The Red Badge of Courage: An Episode of the American Civil War,"Crane, Stephen","Chancellorsville, Battle of, Chancellorsville, Va., 1863 -- Fiction; Historical fiction; United States -- History -- Civil War, 1861-1865 -- Fiction; Virginia -- History -- Civil War, 1861-1865 -- Fiction; War stories","Best Books Ever Listings; Bestsellers, American, 1895-1923; Category: American Literature; Category: Classics of Literature; Category: History - American; Category: History - Warfare; Category: Novels; Historical Fiction; US Civil War","""The Red Badge of Courage: An Episode of the American Civil War"" by Stephen Crane is a war novel published in 1895. The story follows Henry Fleming, a young Union Army private who flees from battle during the American Civil War. Overwhelmed by shame and cowardice, he desperately longs for a wound—a ""red badge of courage""—to redeem himself. When his regiment faces combat again, Henry must confront his fears. Known for its psychological realism and vivid battle sequences, the novel explores themes of maturation, heroism, and the true nature of courage. (This is an automatically generated summary.)",15441,83.40,1993-07-01T00:00:00.000Z,https://www.gutenberg.org/cache/epub/73/pg73.cover.medium.jpg,https://www.gutenberg.org/files/73/73.txt,https://www.gutenberg.org/ebooks/73,
74,"The Adventures of Tom Sawyer, Complete","Twain, Mark","Adventure stories; Bildungsromans; Boys -- Fiction; Child witnesses -- Fiction; Humorous stories; Male friendship -- Fiction; Mississippi River Valley -- Fiction; Missouri -- Fiction; Runaway children -- Fiction; Sawyer, Tom (Fictitious character) -- Fiction",Banned Books from Anne Haight's list; Banned Books List from the American Library Association; Category: Adventure; Category: American Literature; Category: Classics of Literature; Category: Novels,"""The Adventures of Tom Sawyer, Complete"" by Mark Twain is a novel published in 1876 about a mischievous boy growing up along the Mississippi River in the 1830s-1840s. Tom Sawyer and his friend Huckleberry Finn navigate childhood adventures that take increasingly dangerous turns when they witness a murder in a graveyard. Sworn to secrecy and living in fear, the boys must decide whether to speak the truth as an innocent man faces trial, while a vengeful killer remains free. (This is an automatically generated summary.)",43362,81.20,2004-07-01T00:00:00.000Z,http://www.gutenberg.org/files/74/74-h/images/cover.jpg,https://www.gutenberg.org/files/74/74.txt,https://www.gutenberg.org/ebooks/74,
75,E-mail 101,"Goodwin, John E.",Electronic mail systems,Category: How To ...,"""E-mail 101"" by John E. Goodwin is an instructional guide written in the early 1990s. The book aims to demystify the process of using Email and the Internet for everyday communication and information retrieval, highlighting its relevance in an increasingly interconnected world. It offers practical steps for users to gain confidence in navigating the Internet, providing an essential resource for new users across various demographics, including students, professionals, and educators.  The opening of ""E-mail 101"" introduces readers to the concept of internetworking, comparing its ease of use to automatic teller machines. Goodwin emphasizes the advantages of having 24-hour access to information and communication, likening it to the shift from traditional banking methods to modern conveniences. Through relatable analogies, he prepares readers for a journey into understanding the essentials of connecting to the Internet, using Email, and familiarizing them with the landscape of online resources. The author mentions that while the initial setup may seem daunting, with guidance, users can quickly adapt to leveraging the Internet for their needs. (This is an automatically generated summary.)",739,62.60,1993-07-01T00:00:00.000Z,https://www.gutenberg.org/cache/epub/75/pg75.cover.medium.jpg,https://www.gutenberg.org/files/75/75.txt,https://www.gutenberg.org/ebooks/75,
76,Adventures of Huckleberry Finn,"Twain, Mark","Adventure stories; Bildungsromans; Boys -- Fiction; Finn, Huckleberry (Fictitious character) -- Fiction; Fugitive slaves -- Fiction; Humorous stories; Male friendship -- Fiction; Mississippi River -- Fiction; Missouri -- Fiction; Race relations -- Fiction; Runaway children -- Fiction",Banned Books from Anne Haight's list; Banned Books List from the American Library Association; Best Books Ever Listings; Category: Adventure; Category: American Literature; Category: Classics of Literature; Category: Novels,"""Adventures of Huckleberry Finn"" by Mark Twain is a picaresque novel published in 1884-1885. Told in vernacular English, it follows young Huck Finn as he escapes his abusive father and flees down the Mississippi River with Jim, an enslaved man seeking freedom. Their journey brings encounters with feuding families, con artists, and moral dilemmas that challenge Huck's conscience. Set in the antebellum South, this sequel to ""Tom Sawyer"" is celebrated for its portrayal of boyhood and its satirical examination of racism and society. (This is an automatically generated summary.)",35498,85.90,2004-06-29T00:00:00.000Z,http://www.gutenberg.org/files/76/76-h/images/cover.jpg,https://www.gutenberg.org/files/76/76.txt,https://www.gutenberg.org/ebooks/76,
77,The House of the Seven Gables,"Hawthorne, Nathaniel",Domestic fiction; Haunted houses -- Fiction; Historical fiction; Paranormal fiction; Salem (Mass.) -- Fiction,Best Books Ever Listings; Category: American Literature; Category: Classics of Literature; Category: Novels,"""The House of the Seven Gables"" by Nathaniel Hawthorne is a Gothic novel written beginning in mid-1850 and published in April 1851. The story follows a New England family haunted by an ancient curse tied to their ancestral home, built on land wrongfully seized during the Salem Witch Trials. Exploring themes of guilt, retribution, and atonement, the novel weaves together past and present as impoverished Hepzibah Pyncheon, her brother Clifford, and their young cousin Phoebe confront family secrets and the mysterious death of Judge Jaffrey Pyncheon. (This is an automatically generated summary.)",3729,64.80,1993-08-01T00:00:00.000Z,https://www.gutenberg.org/cache/epub/77/pg77.cover.medium.jpg,https://www.gutenberg.org/files/77/77.txt,https://www.gutenberg.org/ebooks/77,
78,Tarzan of the Apes,"Burroughs, Edgar Rice",Adventure stories; Africa -- Fiction; British -- Africa -- Fiction; Fantasy fiction; Tarzan (Fictitious character) -- Fiction; Wild men -- Fiction,Adventure; Category: Adventure; Category: American Literature; Category: Novels; Movie Books,"""Tarzan of the Apes"" by Edgar Rice Burroughs is a novel published in 1914. When an English nobleman's infant son is orphaned in the African jungle, he is adopted and raised by apes. Named Tarzan, meaning ""White Skin,"" he grows up torn between his ape family and his human heritage. His world changes dramatically when a new group arrives, including Jane Porter, the first white woman he encounters. This tale explores identity, civilization, and the conflict between nature and heredity. (This is an automatically generated summary.)",3423,76.50,1993-08-01T00:00:00.000Z,https://www.gutenberg.org/cache/epub/78/pg78.cover.medium.jpg,https://www.gutenberg.org/files/78/78.txt,https://www.gutenberg.org/ebooks/78,
79,Terminal Compromise,"Schwartau, Winn","Computer security -- Fiction; Didactic fiction; Privacy, Right of -- Fiction; Records -- Access control -- Fiction","Category: American Literature; Category: Crime, Thrillers and Mystery; Category: Novels","""Terminal Compromise"" by Winn Schwartau is a high-tech thriller written in the early 1990s, creatively addressing contemporary issues of computer security and cyber-terrorism. The narrative follows several characters, including Taki Homosoto—a vengeful survivor of Hiroshima, Miles Foster—a brilliant yet disillusioned mathematical analyst from the National Security Agency, and Scott Mason—a New York Times reporter. The story seems poised to explore themes of personal vendettas, large-scale cyber attacks, and their implications on American society and security.  The opening of ""Terminal Compromise"" introduces the reader to a world fraught with imminent threats and high-stakes scenarios involving key players. Taki Homosoto's backstory reveals a deep-seated hatred for America rooted in the destruction of his home city, while Miles Foster grapples with his own frustrations within the bureaucracy of the NSA. As the plot unfolds, we witness Miles's conflicted loyalties and his decision to engage with foreign entities, hinting at a larger conspiracy that may challenge the very fabric of the United States. The tension escalates as Scott Mason begins to uncover alarming connections between these characters and the catastrophic potential of cyber warfare. (This is an automatically generated summary.)",27444,76.80,1993-08-01T00:00:00.000Z,https://www.gutenberg.org/cache/epub/79/pg79.cover.medium.jpg,https://www.gutenberg.org/files/79/79.txt,https://www.gutenberg.org/ebooks/79,
80,The Online World,"De Presno, Odd",Internet,Category: Engineering & Technology; Category: How To ...,"""The Online World"" by Odd De Presno is a guidebook on utilizing online services and resources, written during the early 1990s. The book aims to explore the expansive realm of online information resources available at that time, focusing on practical applications that individuals, educators, and professionals can leverage. It provides insights into various online offerings, including databases, communication networks, and entertainment platforms, making it relevant for anyone looking to navigate the budding digital landscape.  The opening of ""The Online World"" introduces readers to the author's intent and the book's structure. In the preface, de Presno outlines that the book is designed to be accessible, catering to a wide audience—from novices to experienced online users. The subsequent lines highlight the interconnectedness of online services and the diverse applications available, emphasizing stories of individuals leveraging these technologies for personal, educational, and professional gain. The chapter begins with an anecdote showcasing the value of online information in managing health issues and expands upon various user experiences that illustrate the transformative nature of online communication, making a compelling case for the necessity of understanding and utilizing the online world. (This is an automatically generated summary.)",2951,57.90,1993-09-01T00:00:00.000Z,https://www.gutenberg.org/cache/epub/80/pg80.cover.medium.jpg,https://www.gutenberg.org/files/80/80.txt,https://www.gutenberg.org/ebooks/80,
81,The Return of Tarzan,"Burroughs, Edgar Rice",Adventure stories; Fantasy fiction; Tarzan (Fictitious character) -- Fiction,Category: Adventure; Category: Novels,"""The Return of Tarzan"" by Edgar Rice Burroughs is a novel first published in 1913. After sacrificing his chance to marry Jane Porter, Tarzan travels to Europe where he makes deadly enemies of the villains Rokoff and Paulovitch. His adventures lead him through France, Algeria, and eventually back to the African jungle of his youth. There, he becomes chief of the Waziri tribe and discovers the lost city of Opar. Meanwhile, Jane's yacht expedition along Africa's coast leads to unexpected reunions and life-threatening dangers in the wilderness. (This is an automatically generated summary.)",2012,77.60,1993-09-01T00:00:00.000Z,https://www.gutenberg.org/cache/epub/81/pg81.cover.medium.jpg,https://www.gutenberg.org/files/81/81.txt,https://www.gutenberg.org/ebooks/81,
82,Ivanhoe: A Romance,"Scott, Walter","Anglo-Saxons -- Fiction; Great Britain -- History -- Richard I, 1189-1199 -- Fiction; Historical fiction; Ivanhoe, Wilfred of, Sir (Fictitious character) -- Fiction; Jews -- England -- Fiction; Knights and knighthood -- Fiction; Love stories; Normans -- Great Britain -- Fiction; Triangles (Interpersonal relations) -- Fiction",Best Books Ever Listings; Category: British Literature; Category: Historical Novels; Category: Novels; Historical Fiction,"""Ivanhoe: A Romance"" by Walter Scott is a historical novel published in December 1819. Set in 1194 England, it tells the story of Saxon knight Wilfred of Ivanhoe, disinherited for his loyalty to Norman King Richard the Lionheart and forbidden love for Lady Rowena. The novel weaves together tournaments, outlaws, and deep divisions between Jews and Christians, Normans and Saxons. Scott's vivid portrayal of medieval England sparked widespread fascination with chivalry and the Middle Ages, influencing how generations would imagine figures like Richard the Lionheart and Robin Hood. (This is an automatically generated summary.)",5505,60.90,2008-06-25T00:00:00.000Z,https://www.gutenberg.org/cache/epub/82/pg82.cover.medium.jpg,https://www.gutenberg.org/files/82/82.txt,https://www.gutenberg.org/ebooks/82,
83,"From the Earth to the moon; and, round the moon","Verne, Jules",Manned space flight -- Fiction; Moon -- Fiction; Science fiction; Space flight to the moon -- Fiction; Space ships -- Fiction,Category: Classics of Literature; Category: French Literature; Category: Novels; Category: Science-Fiction & Fantasy; Movie Books; Science Fiction,"""From the Earth to the Moon; and, Round the Moon"" by Jules Verne is a novel published in 1865. After the American Civil War, the Baltimore Gun Club proposes an audacious plan: build a massive cannon to launch three men to the Moon. When the club's president, his rival, and a French adventurer volunteer for the journey, they must solve the problem of surviving the explosive acceleration. The projectile launches successfully, but their fate remains uncertain until the sequel reveals their voyage through space. (This is an automatically generated summary.)",13395,70.00,1993-09-01T00:00:00.000Z,https://www.gutenberg.org/cache/epub/83/pg83.cover.medium.jpg,https://www.gutenberg.org/files/83/83.txt,https://www.gutenberg.org/ebooks/83,
84,"Frankenstein; or, the modern prometheus","Shelley, Mary Wollstonecraft","Frankenstein's monster (Fictitious character) -- Fiction; Frankenstein, Victor (Fictitious character) -- Fiction; Gothic fiction; Horror tales; Monsters -- Fiction; Science fiction; Scientists -- Fiction",Category: British Literature; Category: Classics of Literature; Category: Novels; Category: Science-Fiction & Fantasy; Gothic Fiction; Movie Books; Precursors of Science Fiction; Science Fiction by Women,"""Frankenstein; Or, The Modern Prometheus"" by Mary Wollstonecraft Shelley is a Gothic novel published in 1818. It tells the story of Victor Frankenstein, a young scientist who creates a living creature from assembled body parts in an unorthodox experiment. When the creature awakens, Victor flees in horror, abandoning his creation. The conscious being must navigate a world that fears him, learning language and seeking connection, only to face repeated rejection. Embittered and alone, the creature confronts his creator with a desperate request that will set both on a dark path of vengeance and tragedy. (This is an automatically generated summary.)",75458,65.00,1993-10-01T00:00:00.000Z,https://www.gutenberg.org/cache/epub/84/pg84.cover.medium.jpg,https://www.gutenberg.org/files/84/84.txt,https://www.gutenberg.org/ebooks/84,
85,The Beasts of Tarzan,"Burroughs, Edgar Rice",Adventure stories; Fantasy fiction; Jungle animals -- Fiction; Tarzan (Fictitious character) -- Fiction,Adventure; Category: Adventure; Category: Novels; Category: Science-Fiction & Fantasy; Movie Books,"""The Beasts of Tarzan"" by Edgar Rice Burroughs is a novel serialized in 1914 and published in book form in 1916. When vengeful enemies kidnap Tarzan's infant son Jack, they exile the ape-man to a remote jungle island while threatening the child with a cannibal tribe. Aided by a panther, intelligent apes, and a native warrior, Tarzan pursues his captors across the mainland in a desperate race to rescue his family and exact justice on those who wronged him. (This is an automatically generated summary.)",1181,72.70,1993-10-01T00:00:00.000Z,https://www.gutenberg.org/cache/epub/85/pg85.cover.medium.jpg,https://www.gutenberg.org/files/85/85.txt,https://www.gutenberg.org/ebooks/85,
86,A Connecticut Yankee in King Arthur's Court,"Twain, Mark",Americans -- Great Britain -- Fiction; Arthurian romances -- Adaptations; Britons -- Fiction; Fantasy fiction; Kings and rulers -- Fiction; Knights and knighthood -- Fiction; Satire; Time travel -- Fiction,Arthurian Legends; Category: American Literature; Category: Classics of Literature; Category: Humour; Category: Novels; Category: Science-Fiction & Fantasy; Precursors of Science Fiction,"""A Connecticut Yankee in King Arthur's Court"" by Mark Twain is a novel published in 1889. When Hank Morgan, a Connecticut engineer, receives a blow to the head, he awakens in medieval England during King Arthur's reign. Using his modern knowledge, he poses as a powerful magician and becomes the king's chief adviser. Hank attempts to modernize the past and implement democratic reforms, but faces opposition from Merlin, the nobility, and the Church in this satirical tale about progress, power, and conflicting eras. (This is an automatically generated summary.)",22731,75.70,2004-07-07T00:00:00.000Z,http://www.gutenberg.org/files/86/86-h/images/cover.jpg,https://www.gutenberg.org/files/86/86.txt,https://www.gutenberg.org/ebooks/86,
87,The 1993 CIA World Factbook,United States. Central Intelligence Agency,"Geography -- Handbooks, manuals, etc.; Political science -- Handbooks, manuals, etc.; Political statistics -- Handbooks, manuals, etc.; World politics -- Handbooks, manuals, etc.",Category: Encyclopedias/Dictionaries/Reference; CIA World Factbooks,"""The 1993 CIA World Factbook"" by the United States Central Intelligence Agency is a comprehensive reference publication compiled in the early 1990s. This edition serves as a detailed resource for information regarding various countries and territories of the world, specifically focusing on aspects like geography, demographics, economy, and government structures.  At the start of this edition, the authors outline the process of its compilation and present a structure to facilitate the retrieval of information efficiently. The preliminary edition includes an extensive list of countries, followed by detailed entries that cover a range of topics such as geography, population statistics, economic indicators, government forms, and more. The opening portion sets the stage for readers to engage with a trove of global facts that can serve as a vital tool for researchers, students, policymakers, and anyone interested in understanding the geopolitical landscape during that period. (This is an automatically generated summary.)",1643,34.40,1993-10-01T00:00:00.000Z,https://www.gutenberg.org/cache/epub/87/pg87.cover.medium.jpg,https://www.gutenberg.org/files/87/87.txt,https://www.gutenberg.org/ebooks/87,
88,Price/Cost Indexes from 1875 to 1989; Estimated to 2010,"Hart, Michael",Cost and standard of living,Category: Economics,"""Price/Cost Indexes from 1875 to 1989; Estimated to 2010"" by Michael Hart is a scientific publication that appears to have been written in the late 20th century. The book discusses the fluctuations and trends in price and cost indexes from the late 19th century through the end of the 20th century, emphasizing the evolving value of the dollar over this extensive period.  At the start of the work, the author introduces concepts related to consumer electronics, specifically computers, and how their increasing value since the late 1970s is juxtaposed against inflation and rising costs of other goods. Hart provides examples of early and modern computer prices, illustrating a significant decline in costs coupled with enhanced performance in newer models. The introduction also sets the stage for the subsequent exploration of cost/index figures over various decades, alluding to how inflation affects purchasing power and the perception of value across different eras. This foundational information prepares the reader to delve into more detailed analysis and comparative charts, which will follow in the rest of the publication. (This is an automatically generated summary.)",679,,1993-11-01T00:00:00.000Z,https://www.gutenberg.org/cache/epub/88/pg88.cover.medium.jpg,https://www.gutenberg.org/files/88/88.txt,https://www.gutenberg.org/ebooks/88,
89,"North American Free Trade Agreement, 1992 Oct. 7 Tariff Phasing Descriptions",Canada,"Canada. Treaties, etc. 1992 Oct. 7; Foreign trade regulation -- North America; Free trade -- Canada; Free trade -- Mexico; Free trade -- North America; Free trade -- United States; Tariff -- Law and legislation -- North America",Category: Economics; Category: Law & Criminology; Category: Politics,"""North American Free Trade Agreement, 1992 Oct. 7 Tariff Phasing Descriptions"" is a legal and economic document, likely drafted in the early 1990s, concerning the guidelines and regulations surrounding trade relations among Canada, Mexico, and the United States. This work primarily focuses on provisions relating to tariff elimination, trade in goods, government procurement, investment, and various regulatory frameworks aimed at enhancing trade efficiency and cooperation among the three nations.  At the start of this text, the reader is introduced to the structure and content of the agreement, including a detailed table of contents that outlines various parts and chapters addressing objectives, definitions, trade treatment, customs procedures, and special sectors like automotive and agriculture. The preamble emphasizes the goals of enhancing cooperation, competitiveness, and sustainable development while reducing trade barriers among the three countries. The opening establishes the foundational principles that underpin the NAFTA agreement, setting the stage for more specific legal agreements and definitions that will be detailed in subsequent sections. (This is an automatically generated summary.)",1053,27.40,1993-11-01T00:00:00.000Z,https://www.gutenberg.org/cache/epub/89/pg89.cover.medium.jpg,https://www.gutenberg.org/files/89/89.txt,https://www.gutenberg.org/ebooks/89,
90,The Son of Tarzan,"Burroughs, Edgar Rice",Adventure stories; Fantasy fiction; Tarzan (Fictitious character) -- Fiction,Adventure; Category: Adventure; Category: Novels; Contemporary Reviews; Movie Books,"""The Son of Tarzan"" by Edgar Rice Burroughs is an adventure novel written in 1915. For the first time in the series, the story centers on Tarzan's son Jack rather than Tarzan himself. When Jack discovers his father's secret past and befriends a captive ape, he embarks on a dangerous journey to Africa that transforms him into Korak—""the killer."" In the jungle, he rescues an abused girl named Meriem, and together they survive years of adventure while his parents search desperately for their missing son. (This is an automatically generated summary.)",1277,79.00,1993-11-01T00:00:00.000Z,https://www.gutenberg.org/cache/epub/90/pg90.cover.medium.jpg,https://www.gutenberg.org/files/90/90.txt,https://www.gutenberg.org/ebooks/90,
91,Tom Sawyer Abroad,"Twain, Mark","Adventure stories; Americans -- Foreign countries -- Fiction; Balloon ascensions -- Fiction; Sawyer, Tom (Fictitious character) -- Fiction",Category: Adventure; Category: American Literature; Category: Humour; Category: Novels,"""Tom Sawyer Abroad"" by Mark Twain is a novel published in 1894. Tom Sawyer, Huckleberry Finn, and Jim accidentally stow away on a futuristic hot air balloon bound for Europe. After the ship's owner falls overboard during a storm, the trio finds themselves sailing solo across uncharted skies. Their journey takes an unexpected turn toward Africa, where they encounter lions, robbers, and ancient wonders like the Pyramids and Sphinx in this parody of Jules Verne-style adventure tales. (This is an automatically generated summary.)",1295,84.20,2004-09-14T00:00:00.000Z,https://www.gutenberg.org/cache/epub/91/pg91.cover.medium.jpg,https://www.gutenberg.org/files/91/91.txt,https://www.gutenberg.org/ebooks/91,
92,Tarzan and the Jewels of Opar,"Burroughs, Edgar Rice",Adventure stories; Fantasy fiction; Tarzan (Fictitious character) -- Fiction,Adventure; Category: Adventure; Category: Novels; Movie Books,"""Tarzan and the Jewels of Opar"" by Edgar Rice Burroughs is a novel first published in 1916. Tarzan returns to the lost city of Opar to recover gold from its hidden treasure stockpile after suffering financial losses. But danger follows—a treacherous Belgian officer tracks him, an earthquake leaves him without memory, and the beautiful high priestess La seeks vengeance after he rejects her love again. Meanwhile, Jane has been kidnapped, and an amnesiac Tarzan must navigate intrigue and betrayal while unknowingly carrying Opar's sacred sacrificial knife. (This is an automatically generated summary.)",1158,74.80,1993-12-01T00:00:00.000Z,https://www.gutenberg.org/cache/epub/92/pg92.cover.medium.jpg,https://www.gutenberg.org/files/92/92.txt,https://www.gutenberg.org/ebooks/92,
93,"Tom Sawyer, Detective","Twain, Mark","Mystery fiction; Sawyer, Tom (Fictitious character) -- Fiction","Category: American Literature; Category: Crime, Thrillers and Mystery; Category: Novels","""Tom Sawyer, Detective"" by Mark Twain is a novel published in 1896. The story follows Tom Sawyer as he attempts to solve a mysterious murder, serving as a playful parody of the popular detective novels of its era. Narrated by Huck Finn in his distinctive first-person voice, this sequel to Twain's beloved earlier works brings the iconic characters into a new adventure filled with intrigue and suspense in small-town America. (This is an automatically generated summary.)",993,84.80,2004-09-14T00:00:00.000Z,https://www.gutenberg.org/cache/epub/93/pg93.cover.medium.jpg,https://www.gutenberg.org/files/93/93.txt,https://www.gutenberg.org/ebooks/93,
94,Alexander's Bridge,"Cather, Willa",Boston (Mass.) -- Fiction; Bridges -- Design and construction -- Fiction; Civil engineers -- Fiction; London (England) -- Fiction; Married people -- Fiction; Mistresses -- Fiction; Psychological fiction,Category: American Literature; Category: Novels,"""Alexander's Bridge"" by Willa Cather is a novel first published in 1912. Bartley Alexander is a world-renowned bridge builder caught in a midlife crisis. Though married to Winifred in Boston, he rekindles a romance with former lover Hilda Burgoyne in London. Torn between two worlds, Bartley struggles with guilt and honor as his double life unravels. Meanwhile, a bridge project in Canada demands his attention, setting the stage for a devastating convergence of personal and professional crises. (This is an automatically generated summary.)",934,81.90,2006-03-08T00:00:00.000Z,https://www.gutenberg.org/cache/epub/94/pg94.cover.medium.jpg,https://www.gutenberg.org/files/94/94.txt,https://www.gutenberg.org/ebooks/94,
95,The prisoner of Zenda,"Hope, Anthony",Adventure stories; British -- Foreign countries -- Fiction; Impostors and imposture -- Fiction; Kings and rulers -- Fiction; Love stories; Political kidnapping -- Fiction,"Adventure; Best Books Ever Listings; Bestsellers, American, 1895-1923; Category: Adventure; Category: British Literature; Category: Novels; Movie Books","""The Prisoner of Zenda"" by Anthony Hope is an adventure novel published in 1894. When the King of Ruritania is drugged before his coronation, an English tourist who happens to be his lookalike is persuaded to impersonate him. What begins as a temporary political solution becomes dangerous when the king is kidnapped. The Englishman must maintain his royal disguise while navigating palace intrigue, assassination attempts, and forbidden love with Princess Flavia—all while trying to rescue the real king from his captors. (This is an automatically generated summary.)",1794,90.10,2006-01-09T00:00:00.000Z,https://www.gutenberg.org/cache/epub/95/pg95.cover.medium.jpg,https://www.gutenberg.org/files/95/95.txt,https://www.gutenberg.org/ebooks/95,
96,The Monster Men,"Burroughs, Edgar Rice",Fantasy fiction; Science fiction,Category: Adventure; Category: American Literature; Category: Novels; Category: Science-Fiction & Fantasy; Science Fiction,"""The Monster Men"" by Edgar Rice Burroughs is a science fiction novel published in 1913. Professor Arthur Maxon retreats to a remote island in the East Indies to conduct forbidden experiments in creating artificial human life. As he grows increasingly obsessed with perfecting his creations—particularly Number Thirteen—dark forces conspire around him. Pirates, treasure hunters, and his own assistant threaten his daughter Virginia, while the handsome but supposedly soulless Number Thirteen may be her only hope for survival in this Frankenstein-inspired adventure. (This is an automatically generated summary.)",998,73.70,1994-01-01T00:00:00.000Z,https://www.gutenberg.org/cache/epub/96/pg96.cover.medium.jpg,https://www.gutenberg.org/files/96/96.txt,https://www.gutenberg.org/ebooks/96,
97,Flatland: A Romance of Many Dimensions,"Abbott, Edwin Abbott",Fourth dimension,Category: British Literature; Category: Novels; Category: Science-Fiction & Fantasy; Mathematics; Science Fiction,"""Flatland: A Romance of Many Dimensions"" by Edwin Abbott Abbott is a satirical novella published in 1884. The story takes place in a two-dimensional world inhabited by geometric shapes, where social status is determined by the number of one's sides. When a Square encounters beings from other dimensions—including a one-dimensional Lineland and a three-dimensional Spaceland—his understanding of reality is profoundly challenged. Through this imaginative premise, Abbott satirizes Victorian class and gender hierarchies while exploring the concept of dimensions beyond human perception. (This is an automatically generated summary.)",1484,60.20,1994-01-01T00:00:00.000Z,https://www.gutenberg.org/cache/epub/97/pg97.cover.medium.jpg,https://www.gutenberg.org/files/97/97.txt,https://www.gutenberg.org/ebooks/97,
98,A Tale of Two Cities,"Dickens, Charles","British -- France -- Paris -- Fiction; Executions and executioners -- Fiction; France -- History -- Revolution, 1789-1799 -- Fiction; French -- England -- London -- Fiction; Historical fiction; London (England) -- History -- 18th century -- Fiction; Lookalikes -- Fiction; Paris (France) -- History -- 1789-1799 -- Fiction; War stories",Category: British Literature; Category: Classics of Literature; Category: Historical Novels; Historical Fiction,"""A Tale of Two Cities"" by Charles Dickens is a historical novel published in 1859. Set in London and Paris during the tumultuous French Revolution, it follows Dr. Alexandre Manette after his mysterious 18-year imprisonment in the Bastille and his reunion with his daughter Lucie. Their lives become entangled with a French aristocrat fleeing his heritage and a dissolute English lawyer who harbors secret devotion. Against the backdrop of revolutionary terror and violence, personal sacrifices and hidden connections shape their intertwined fates. (This is an automatically generated summary.)",31276,78.20,1994-01-01T00:00:00.000Z,https://www.gutenberg.org/cache/epub/98/pg98.cover.medium.jpg,https://www.gutenberg.org/files/98/98.txt,https://www.gutenberg.org/ebooks/98,
99,Collected Articles of Frederick Douglass,"Douglass, Frederick","African American abolitionists; Douglass, Frederick, 1818-1895; Essays; Reconstruction (U.S. history, 1865-1877); Slavery","African American Writers; Category: Biographies; Category: Essays, Letters & Speeches; Category: History - American; Slavery","""Collected Articles of Frederick Douglass"" by Frederick Douglass is a collection of historical writings and narratives that delve into the author's experiences and reflections on slavery, freedom, and Reconstruction during the mid to late 19th century. The book includes significant pieces, such as ""My Escape from Slavery,"" which recounts Douglass's daring flight to freedom, and his thoughts on the Reconstruction period in the United States following the Civil War. This collection provides a crucial insight into the struggles for civil rights and the fight against the societal and political ramifications of slavery.  In ""My Escape from Slavery,"" Douglass shares the intricate details of his escape from Maryland to freedom, describing the fears and dangers he faced, including the constant threat of recapture. He highlights the aid of safe individuals and his clever use of disguises to evade detection. Following this account, the article ""Reconstruction"" discusses the pressing issues of post-war America, emphasizing the importance of rebuilding the nation on principles of equality and justice. Douglass argues for the need to establish a government that truly represents all citizens—regardless of race—while stressing that the legacy of slavery continues to influence societal structures and attitudes. His powerful narratives serve as an eloquent reminder of the ongoing fight for human rights and the responsibilities of governance in creating a just society. (This is an automatically generated summary.)",1129,63.70,1994-01-01T00:00:00.000Z,https://www.gutenberg.org/cache/epub/99/pg99.cover.medium.jpg,https://www.gutenberg.org/files/99/99.txt,https://www.gutenberg.org/ebooks/99,
100,The Complete Works of William Shakespeare,"Shakespeare, William","English drama -- Early modern and Elizabethan, 1500-1600",Category: British Literature; Category: Classics of Literature; Category: Plays/Films/Dramas; Category: Poetry; Plays,"""The Complete Works of William Shakespeare"" by William Shakespeare is a comprehensive collection containing all of Shakespeare's plays and poems. This standard volume gathers the playwright's entire output, including histories, tragedies, and comedies that have shaped literature for centuries. Some editions feature collaborative works with other writers, though their authorship remains debated. Published by numerous academic presses and major publishers, these collected editions have become prized possessions for book collectors, often released in luxurious leather-bound formats that preserve Shakespeare's timeless literary legacy. (This is an automatically generated summary.)",74616,83.00,1994-01-01T00:00:00.000Z,https://www.gutenberg.org/cache/epub/100/pg100.cover.medium.jpg,https://www.gutenberg.org/files/100/100.txt,https://www.gutenberg.org/ebooks/100,
